family,pid,tercile,pattern_family,rho,s,batch,batch_seed,best_error,optimizer_success
symmetric_tree,0,0,localized,0.045972928777221624,0.02946839467686412,0,900000,0.006910713919765306,True
symmetric_tree,0,0,localized,0.045972928777221624,0.02946839467686412,1,900001,0.006910713919765306,True
symmetric_tree,0,0,localized,0.045972928777221624,0.02946839467686412,2,900002,0.006910713919765306,True
symmetric_tree,0,0,localized,0.045972928777221624,0.02946839467686412,3,900003,0.006910713919765306,True
symmetric_tree,0,0,localized,0.045972928777221624,0.02946839467686412,4,900004,0.006910713919765306,True
symmetric_tree,1,0,regional,0.10850077183780167,0.0413269432346954,0,900007,0.0060224402373767775,True
symmetric_tree,1,0,regional,0.10850077183780167,0.0413269432346954,1,900008,0.0060224402373767775,True
symmetric_tree,1,0,regional,0.10850077183780167,0.0413269432346954,2,900009,0.006022440237376777,True
symmetric_tree,1,0,regional,0.10850077183780167,0.0413269432346954,3,900010,0.0060224402373767775,True
symmetric_tree,1,0,regional,0.10850077183780167,0.0413269432346954,4,900011,0.006022440237376777,True
symmetric_tree,2,0,multifocal,0.058429950859490654,0.019869591286834264,0,900014,0.0019971954260014574,True
symmetric_tree,2,0,multifocal,0.058429950859490654,0.019869591286834264,1,900015,0.0019971954260014574,True
symmetric_tree,2,0,multifocal,0.058429950859490654,0.019869591286834264,2,900016,0.0019971954260014574,True
symmetric_tree,2,0,multifocal,0.058429950859490654,0.019869591286834264,3,900017,0.0019971954260014574,True
symmetric_tree,2,0,multifocal,0.058429950859490654,0.019869591286834264,4,900018,0.0019971954260014574,True
symmetric_tree,3,0,localized,0.05539146801759046,0.023097120141520443,0,900021,0.0018968610446694304,True
symmetric_tree,3,0,localized,0.05539146801759046,0.023097120141520443,1,900022,0.0018968610446694304,True
symmetric_tree,3,0,localized,0.05539146801759046,0.023097120141520443,2,900023,0.0018968610446694304,True
symmetric_tree,3,0,localized,0.05539146801759046,0.023097120141520443,3,900024,0.0018968610446694304,True
symmetric_tree,3,0,localized,0.05539146801759046,0.023097120141520443,4,900025,0.0018968610446694304,True
symmetric_tree,4,0,regional,0.1814632892772602,0.05309196799975901,0,900028,0.005676797349885519,True
symmetric_tree,4,0,regional,0.1814632892772602,0.05309196799975901,1,900029,0.005676797349885518,True
symmetric_tree,4,0,regional,0.1814632892772602,0.05309196799975901,2,900030,0.005676797349885519,True
symmetric_tree,4,0,regional,0.1814632892772602,0.05309196799975901,3,900031,0.005676797349885519,True
symmetric_tree,4,0,regional,0.1814632892772602,0.05309196799975901,4,900032,0.005676797349885519,True
symmetric_tree,5,0,multifocal,0.26968693308350855,0.05822901981783608,0,900035,0.0035217192841526085,True
symmetric_tree,5,0,multifocal,0.26968693308350855,0.05822901981783608,1,900036,0.0035217192841526085,True
symmetric_tree,5,0,multifocal,0.26968693308350855,0.05822901981783608,2,900037,0.0035217192841526085,True
symmetric_tree,5,0,multifocal,0.26968693308350855,0.05822901981783608,3,900038,0.0035217192841526085,True
symmetric_tree,5,0,multifocal,0.26968693308350855,0.05822901981783608,4,900039,0.0035217192841526085,True
symmetric_tree,6,0,localized,0.2103375331715025,0.14005438984978824,0,900042,0.0345717548730847,True
symmetric_tree,6,0,localized,0.2103375331715025,0.14005438984978824,1,900043,0.0345717548730847,True
symmetric_tree,6,0,localized,0.2103375331715025,0.14005438984978824,2,900044,0.0345717548730847,True
symmetric_tree,6,0,localized,0.2103375331715025,0.14005438984978824,3,900045,0.0345717548730847,True
symmetric_tree,6,0,localized,0.2103375331715025,0.14005438984978824,4,900046,0.0345717548730847,True
symmetric_tree,7,0,regional,0.2553870731131024,0.11255948699524297,0,900049,0.0040017316786642556,True
symmetric_tree,7,0,regional,0.2553870731131024,0.11255948699524297,1,900050,0.004001731678664242,True
symmetric_tree,7,0,regional,0.2553870731131024,0.11255948699524297,2,900051,0.004001731678664252,True
symmetric_tree,7,0,regional,0.2553870731131024,0.11255948699524297,3,900052,0.00400173167866425,True
symmetric_tree,7,0,regional,0.2553870731131024,0.11255948699524297,4,900053,0.004001731678664253,True
symmetric_tree,8,0,multifocal,0.14580049600757666,0.02484234086860036,0,900056,0.004776259849337306,True
symmetric_tree,8,0,multifocal,0.14580049600757666,0.02484234086860036,1,900057,0.004776259849337306,True
symmetric_tree,8,0,multifocal,0.14580049600757666,0.02484234086860036,2,900058,0.004776259849337306,True
symmetric_tree,8,0,multifocal,0.14580049600757666,0.02484234086860036,3,900059,0.004776259849337306,True
symmetric_tree,8,0,multifocal,0.14580049600757666,0.02484234086860036,4,900060,0.004776259849337306,True
symmetric_tree,9,0,localized,0.13912298042578608,0.09255498418122866,0,900063,0.013773543284144875,True
symmetric_tree,9,0,localized,0.13912298042578608,0.09255498418122866,1,900064,0.013773543284144875,True
symmetric_tree,9,0,localized,0.13912298042578608,0.09255498418122866,2,900065,0.013773543284144875,True
symmetric_tree,9,0,localized,0.13912298042578608,0.09255498418122866,3,900066,0.013773543284144875,True
symmetric_tree,9,0,localized,0.13912298042578608,0.09255498418122866,4,900067,0.013773543284144875,True
symmetric_tree,10,0,regional,0.04523928081336255,0.013380176886697043,0,900070,0.0011999054380813685,True
symmetric_tree,10,0,regional,0.04523928081336255,0.013380176886697043,1,900071,0.0011999054380813685,True
symmetric_tree,10,0,regional,0.04523928081336255,0.013380176886697043,2,900072,0.0011999054380813685,True
symmetric_tree,10,0,regional,0.04523928081336255,0.013380176886697043,3,900073,0.0011999054380813683,True
symmetric_tree,10,0,regional,0.04523928081336255,0.013380176886697043,4,900074,0.0011999054380813685,True
symmetric_tree,11,0,multifocal,0.016727153004898465,0.0040216079601165,0,900077,0.0005293098862778527,True
symmetric_tree,11,0,multifocal,0.016727153004898465,0.0040216079601165,1,900078,0.0005293098862778527,True
symmetric_tree,11,0,multifocal,0.016727153004898465,0.0040216079601165,2,900079,0.0005293098862778527,True
symmetric_tree,11,0,multifocal,0.016727153004898465,0.0040216079601165,3,900080,0.0005293098862778527,True
symmetric_tree,11,0,multifocal,0.016727153004898465,0.0040216079601165,4,900081,0.0005293098862778527,True
symmetric_tree,12,0,localized,0.1029516055873499,0.049469351128214815,0,900084,0.006964259099867376,True
symmetric_tree,12,0,localized,0.1029516055873499,0.049469351128214815,1,900085,0.006964259099867376,True
symmetric_tree,12,0,localized,0.1029516055873499,0.049469351128214815,2,900086,0.006964259099867376,True
symmetric_tree,12,0,localized,0.1029516055873499,0.049469351128214815,3,900087,0.006964259099867376,True
symmetric_tree,12,0,localized,0.1029516055873499,0.049469351128214815,4,900088,0.006964259099867376,True
symmetric_tree,13,0,regional,0.039594459860386524,0.01199461591236745,0,900091,0.0008853114856882321,True
symmetric_tree,13,0,regional,0.039594459860386524,0.01199461591236745,1,900092,0.0008853114856882321,True
symmetric_tree,13,0,regional,0.039594459860386524,0.01199461591236745,2,900093,0.000885311485688232,True
symmetric_tree,13,0,regional,0.039594459860386524,0.01199461591236745,3,900094,0.0008853114856882321,True
symmetric_tree,13,0,regional,0.039594459860386524,0.01199461591236745,4,900095,0.000885311485688232,True
symmetric_tree,14,0,multifocal,0.04870051952975766,0.01199177066776276,0,900098,0.0023252673398578574,True
symmetric_tree,14,0,multifocal,0.04870051952975766,0.01199177066776276,1,900099,0.0023252673398578574,True
symmetric_tree,14,0,multifocal,0.04870051952975766,0.01199177066776276,2,900100,0.0023252673398578574,True
symmetric_tree,14,0,multifocal,0.04870051952975766,0.01199177066776276,3,900101,0.0023252673398578574,True
symmetric_tree,14,0,multifocal,0.04870051952975766,0.01199177066776276,4,900102,0.0023252673398578574,True
symmetric_tree,15,0,localized,0.19664863716852157,0.1236060960415139,0,900105,0.017080151860873385,True
symmetric_tree,15,0,localized,0.19664863716852157,0.1236060960415139,1,900106,0.01708015186087338,False
symmetric_tree,15,0,localized,0.19664863716852157,0.1236060960415139,2,900107,0.017080151860873402,True
symmetric_tree,15,0,localized,0.19664863716852157,0.1236060960415139,3,900108,0.01708015186087339,True
symmetric_tree,15,0,localized,0.19664863716852157,0.1236060960415139,4,900109,0.017080151860873406,True
symmetric_tree,16,0,regional,0.07696970596471797,0.030250070263128044,0,900112,0.005267016617667104,True
symmetric_tree,16,0,regional,0.07696970596471797,0.030250070263128044,1,900113,0.005267016617667104,True
symmetric_tree,16,0,regional,0.07696970596471797,0.030250070263128044,2,900114,0.005267016617667104,True
symmetric_tree,16,0,regional,0.07696970596471797,0.030250070263128044,3,900115,0.005267016617667104,True
symmetric_tree,16,0,regional,0.07696970596471797,0.030250070263128044,4,900116,0.005267016617667104,True
symmetric_tree,17,0,multifocal,0.16864560245747062,0.03841696227287587,0,900119,0.00497104355411823,True
symmetric_tree,17,0,multifocal,0.16864560245747062,0.03841696227287587,1,900120,0.00497104355411823,True
symmetric_tree,17,0,multifocal,0.16864560245747062,0.03841696227287587,2,900121,0.00497104355411823,True
symmetric_tree,17,0,multifocal,0.16864560245747062,0.03841696227287587,3,900122,0.00497104355411823,True
symmetric_tree,17,0,multifocal,0.16864560245747062,0.03841696227287587,4,900123,0.00497104355411823,True
symmetric_tree,18,0,localized,0.3231381854506068,0.13189089473681714,0,900126,0.013130502069330368,True
symmetric_tree,18,0,localized,0.3231381854506068,0.13189089473681714,1,900127,0.013130502069330368,True
symmetric_tree,18,0,localized,0.3231381854506068,0.13189089473681714,2,900128,0.013130502069330374,True
symmetric_tree,18,0,localized,0.3231381854506068,0.13189089473681714,3,900129,0.013130502069330374,True
symmetric_tree,18,0,localized,0.3231381854506068,0.13189089473681714,4,900130,0.013130502069330379,True
symmetric_tree,19,0,regional,0.020088188846937933,0.010299898455714345,0,900133,0.00034726697871550436,True
symmetric_tree,19,0,regional,0.020088188846937933,0.010299898455714345,1,900134,0.0003472669787155043,True
symmetric_tree,19,0,regional,0.020088188846937933,0.010299898455714345,2,900135,0.00034726697871550436,True
symmetric_tree,19,0,regional,0.020088188846937933,0.010299898455714345,3,900136,0.0003472669787155043,True
symmetric_tree,19,0,regional,0.020088188846937933,0.010299898455714345,4,900137,0.00034726697871550436,True
symmetric_tree,20,1,localized,0.631443979014218,0.37364870357594376,0,900140,0.09677094485187747,False
symmetric_tree,20,1,localized,0.631443979014218,0.37364870357594376,1,900141,0.09677094485187747,True
symmetric_tree,20,1,localized,0.631443979014218,0.37364870357594376,2,900142,0.09677094485187747,True
symmetric_tree,20,1,localized,0.631443979014218,0.37364870357594376,3,900143,0.09677094485187747,True
symmetric_tree,20,1,localized,0.631443979014218,0.37364870357594376,4,900144,0.09677094485187747,True
symmetric_tree,21,1,regional,0.38210699400285486,0.10901014249807349,0,900147,0.011633685583630973,True
symmetric_tree,21,1,regional,0.38210699400285486,0.10901014249807349,1,900148,0.011633685583630975,True
symmetric_tree,21,1,regional,0.38210699400285486,0.10901014249807349,2,900149,0.011633685583630985,True
symmetric_tree,21,1,regional,0.38210699400285486,0.10901014249807349,3,900150,0.011633685583630985,True
symmetric_tree,21,1,regional,0.38210699400285486,0.10901014249807349,4,900151,0.011633685583630985,True
symmetric_tree,22,1,multifocal,0.41780497424074536,0.08080862695538531,0,900154,0.009206530544106499,True
symmetric_tree,22,1,multifocal,0.41780497424074536,0.08080862695538531,1,900155,0.009206530544106497,True
symmetric_tree,22,1,multifocal,0.41780497424074536,0.08080862695538531,2,900156,0.009206530544106499,True
symmetric_tree,22,1,multifocal,0.41780497424074536,0.08080862695538531,3,900157,0.009206530544106499,True
symmetric_tree,22,1,multifocal,0.41780497424074536,0.08080862695538531,4,900158,0.009206530544106499,True
symmetric_tree,23,1,localized,0.5236590882972818,0.30748957517885905,0,900161,0.07082580677668815,True
symmetric_tree,23,1,localized,0.5236590882972818,0.30748957517885905,1,900162,0.07082580677668815,True
symmetric_tree,23,1,localized,0.5236590882972818,0.30748957517885905,2,900163,0.07082580677668814,True
symmetric_tree,23,1,localized,0.5236590882972818,0.30748957517885905,3,900164,0.07082580677668815,True
symmetric_tree,23,1,localized,0.5236590882972818,0.30748957517885905,4,900165,0.07082580677668814,True
symmetric_tree,24,1,regional,0.5483173065930957,0.25419258198373923,0,900168,0.04711187207706221,True
symmetric_tree,24,1,regional,0.5483173065930957,0.25419258198373923,1,900169,0.0471118720770622,True
symmetric_tree,24,1,regional,0.5483173065930957,0.25419258198373923,2,900170,0.04711187207706221,True
symmetric_tree,24,1,regional,0.5483173065930957,0.25419258198373923,3,900171,0.04711187207706221,True
symmetric_tree,24,1,regional,0.5483173065930957,0.25419258198373923,4,900172,0.04711187207706221,True
symmetric_tree,25,1,multifocal,0.543568220993023,0.12419773388164945,0,900175,0.020103245017866495,True
symmetric_tree,25,1,multifocal,0.543568220993023,0.12419773388164945,1,900176,0.020103245017866495,True
symmetric_tree,25,1,multifocal,0.543568220993023,0.12419773388164945,2,900177,0.020103245017866495,True
symmetric_tree,25,1,multifocal,0.543568220993023,0.12419773388164945,3,900178,0.020103245017866495,True
symmetric_tree,25,1,multifocal,0.543568220993023,0.12419773388164945,4,900179,0.020103245017866495,True
symmetric_tree,26,1,localized,0.535373586666482,0.30620890180467214,0,900182,0.08138882690834176,True
symmetric_tree,26,1,localized,0.535373586666482,0.30620890180467214,1,900183,0.08138882690834176,True
symmetric_tree,26,1,localized,0.535373586666482,0.30620890180467214,2,900184,0.08138882690834176,True
symmetric_tree,26,1,localized,0.535373586666482,0.30620890180467214,3,900185,0.08138882690834176,True
symmetric_tree,26,1,localized,0.535373586666482,0.30620890180467214,4,900186,0.08138882690834176,True
symmetric_tree,27,1,regional,0.6378254248138255,0.24620771683159576,0,900189,0.06200943473180098,True
symmetric_tree,27,1,regional,0.6378254248138255,0.24620771683159576,1,900190,0.062009434731800976,True
symmetric_tree,27,1,regional,0.6378254248138255,0.24620771683159576,2,900191,0.062009434731800976,True
symmetric_tree,27,1,regional,0.6378254248138255,0.24620771683159576,3,900192,0.062009434731800976,True
symmetric_tree,27,1,regional,0.6378254248138255,0.24620771683159576,4,900193,0.062009434731800976,True
symmetric_tree,28,1,multifocal,0.5546419530364141,0.12511872372272692,0,900196,0.014780206945215858,True
symmetric_tree,28,1,multifocal,0.5546419530364141,0.12511872372272692,1,900197,0.014780206945215858,True
symmetric_tree,28,1,multifocal,0.5546419530364141,0.12511872372272692,2,900198,0.014780206945215858,True
symmetric_tree,28,1,multifocal,0.5546419530364141,0.12511872372272692,3,900199,0.014780206945215858,True
symmetric_tree,28,1,multifocal,0.5546419530364141,0.12511872372272692,4,900200,0.014780206945215858,True
symmetric_tree,29,1,localized,0.4751592274424806,0.25899339688497536,0,900203,0.06025006290753525,True
symmetric_tree,29,1,localized,0.4751592274424806,0.25899339688497536,1,900204,0.06025006290753525,True
symmetric_tree,29,1,localized,0.4751592274424806,0.25899339688497536,2,900205,0.060250062907535255,True
symmetric_tree,29,1,localized,0.4751592274424806,0.25899339688497536,3,900206,0.06025006290753525,True
symmetric_tree,29,1,localized,0.4751592274424806,0.25899339688497536,4,900207,0.06025006290753525,True
symmetric_tree,30,1,regional,0.5080190920560546,0.21237072715993413,0,900210,0.03409436066749968,True
symmetric_tree,30,1,regional,0.5080190920560546,0.21237072715993413,1,900211,0.03409436066749967,True
symmetric_tree,30,1,regional,0.5080190920560546,0.21237072715993413,2,900212,0.03409436066749967,True
symmetric_tree,30,1,regional,0.5080190920560546,0.21237072715993413,3,900213,0.034094360667499664,False
symmetric_tree,30,1,regional,0.5080190920560546,0.21237072715993413,4,900214,0.034094360667499685,True
symmetric_tree,31,1,multifocal,0.6302432344118136,0.1554883460553212,0,900217,0.02588299475916947,True
symmetric_tree,31,1,multifocal,0.6302432344118136,0.1554883460553212,1,900218,0.025882994759169466,True
symmetric_tree,31,1,multifocal,0.6302432344118136,0.1554883460553212,2,900219,0.025882994759169473,False
symmetric_tree,31,1,multifocal,0.6302432344118136,0.1554883460553212,3,900220,0.025882994759169473,True
symmetric_tree,31,1,multifocal,0.6302432344118136,0.1554883460553212,4,900221,0.025882994759169473,True
symmetric_tree,32,1,localized,0.6096597408683868,0.3287017474481804,0,900224,0.07498824625190227,True
symmetric_tree,32,1,localized,0.6096597408683868,0.3287017474481804,1,900225,0.07498824625190227,True
symmetric_tree,32,1,localized,0.6096597408683868,0.3287017474481804,2,900226,0.07498824625190227,True
symmetric_tree,32,1,localized,0.6096597408683868,0.3287017474481804,3,900227,0.07498824625190227,True
symmetric_tree,32,1,localized,0.6096597408683868,0.3287017474481804,4,900228,0.07498824625190227,True
symmetric_tree,33,1,regional,0.4214990300597783,0.16075773340325522,0,900231,0.0226898570385183,True
symmetric_tree,33,1,regional,0.4214990300597783,0.16075773340325522,1,900232,0.022689857038518297,False
symmetric_tree,33,1,regional,0.4214990300597783,0.16075773340325522,2,900233,0.0226898570385183,True
symmetric_tree,33,1,regional,0.4214990300597783,0.16075773340325522,3,900234,0.022689857038518287,True
symmetric_tree,33,1,regional,0.4214990300597783,0.16075773340325522,4,900235,0.022689857038518297,True
symmetric_tree,34,1,multifocal,0.41348535827311317,0.13756846968897715,0,900238,0.032817887483557226,True
symmetric_tree,34,1,multifocal,0.41348535827311317,0.13756846968897715,1,900239,0.032817887483557226,True
symmetric_tree,34,1,multifocal,0.41348535827311317,0.13756846968897715,2,900240,0.032817887483557226,True
symmetric_tree,34,1,multifocal,0.41348535827311317,0.13756846968897715,3,900241,0.032817887483557226,True
symmetric_tree,34,1,multifocal,0.41348535827311317,0.13756846968897715,4,900242,0.032817887483557226,True
symmetric_tree,35,1,localized,0.34873427905957066,0.1880366149564209,0,900245,0.03818832390169649,True
symmetric_tree,35,1,localized,0.34873427905957066,0.1880366149564209,1,900246,0.0381883239016965,True
symmetric_tree,35,1,localized,0.34873427905957066,0.1880366149564209,2,900247,0.0381883239016965,True
symmetric_tree,35,1,localized,0.34873427905957066,0.1880366149564209,3,900248,0.0381883239016965,True
symmetric_tree,35,1,localized,0.34873427905957066,0.1880366149564209,4,900249,0.03818832390169649,False
symmetric_tree,36,1,regional,0.6139524332569114,0.20828294415401302,0,900252,0.04649990028879851,True
symmetric_tree,36,1,regional,0.6139524332569114,0.20828294415401302,1,900253,0.0464999002887985,False
symmetric_tree,36,1,regional,0.6139524332569114,0.20828294415401302,2,900254,0.04649990028879851,True
symmetric_tree,36,1,regional,0.6139524332569114,0.20828294415401302,3,900255,0.04649990028879851,True
symmetric_tree,36,1,regional,0.6139524332569114,0.20828294415401302,4,900256,0.04649990028879852,True
symmetric_tree,37,1,multifocal,0.5513320934575858,0.18613571819917585,0,900259,0.0339922663291585,True
symmetric_tree,37,1,multifocal,0.5513320934575858,0.18613571819917585,1,900260,0.033992266329158506,True
symmetric_tree,37,1,multifocal,0.5513320934575858,0.18613571819917585,2,900261,0.033992266329158506,True
symmetric_tree,37,1,multifocal,0.5513320934575858,0.18613571819917585,3,900262,0.033992266329158506,False
symmetric_tree,37,1,multifocal,0.5513320934575858,0.18613571819917585,4,900263,0.033992266329158506,True
symmetric_tree,38,1,localized,0.6157778315425091,0.25702584141901913,0,900266,0.06628942687363547,True
symmetric_tree,38,1,localized,0.6157778315425091,0.25702584141901913,1,900267,0.06628942687363547,True
symmetric_tree,38,1,localized,0.6157778315425091,0.25702584141901913,2,900268,0.06628942687363547,True
symmetric_tree,38,1,localized,0.6157778315425091,0.25702584141901913,3,900269,0.06628942687363547,True
symmetric_tree,38,1,localized,0.6157778315425091,0.25702584141901913,4,900270,0.06628942687363547,True
symmetric_tree,39,1,regional,0.4301477042486558,0.15545389906224938,0,900273,0.024506394991550773,True
symmetric_tree,39,1,regional,0.4301477042486558,0.15545389906224938,1,900274,0.024506394991550776,True
symmetric_tree,39,1,regional,0.4301477042486558,0.15545389906224938,2,900275,0.024506394991550776,True
symmetric_tree,39,1,regional,0.4301477042486558,0.15545389906224938,3,900276,0.024506394991550776,True
symmetric_tree,39,1,regional,0.4301477042486558,0.15545389906224938,4,900277,0.02450639499155077,True
symmetric_tree,40,2,localized,0.707014370557706,0.4413428835053598,0,900280,0.10821075702982713,True
symmetric_tree,40,2,localized,0.707014370557706,0.4413428835053598,1,900281,0.10821075702982713,True
symmetric_tree,40,2,localized,0.707014370557706,0.4413428835053598,2,900282,0.10821075702982713,True
symmetric_tree,40,2,localized,0.707014370557706,0.4413428835053598,3,900283,0.10821075702982713,True
symmetric_tree,40,2,localized,0.707014370557706,0.4413428835053598,4,900284,0.10821075702982713,True
symmetric_tree,41,2,regional,0.7912840404889079,0.27632062061324913,0,900287,0.060797684964386645,True
symmetric_tree,41,2,regional,0.7912840404889079,0.27632062061324913,1,900288,0.060797684964386645,False
symmetric_tree,41,2,regional,0.7912840404889079,0.27632062061324913,2,900289,0.060797684964386645,True
symmetric_tree,41,2,regional,0.7912840404889079,0.27632062061324913,3,900290,0.060797684964386645,True
symmetric_tree,41,2,regional,0.7912840404889079,0.27632062061324913,4,900291,0.06079768496438664,False
symmetric_tree,42,2,multifocal,0.7541664192320813,0.1679229996479092,0,900294,0.028443865466907293,True
symmetric_tree,42,2,multifocal,0.7541664192320813,0.1679229996479092,1,900295,0.028443865466907296,False
symmetric_tree,42,2,multifocal,0.7541664192320813,0.1679229996479092,2,900296,0.0284438654669073,True
symmetric_tree,42,2,multifocal,0.7541664192320813,0.1679229996479092,3,900297,0.028443865466907296,False
symmetric_tree,42,2,multifocal,0.7541664192320813,0.1679229996479092,4,900298,0.028443865466907296,False
symmetric_tree,43,2,localized,0.7939114710542189,0.38674478481204294,0,900301,0.09875749662624882,True
symmetric_tree,43,2,localized,0.7939114710542189,0.38674478481204294,1,900302,0.09875749662624882,True
symmetric_tree,43,2,localized,0.7939114710542189,0.38674478481204294,2,900303,0.09875749662624882,True
symmetric_tree,43,2,localized,0.7939114710542189,0.38674478481204294,3,900304,0.09875749662624882,True
symmetric_tree,43,2,localized,0.7939114710542189,0.38674478481204294,4,900305,0.09875749662624882,True
symmetric_tree,44,2,regional,0.9935061783056668,0.42342374208275735,0,900308,0.10930470168797383,True
symmetric_tree,44,2,regional,0.9935061783056668,0.42342374208275735,1,900309,0.10930470168797383,True
symmetric_tree,44,2,regional,0.9935061783056668,0.42342374208275735,2,900310,0.10930470168797383,True
symmetric_tree,44,2,regional,0.9935061783056668,0.42342374208275735,3,900311,0.10930470168797383,True
symmetric_tree,44,2,regional,0.9935061783056668,0.42342374208275735,4,900312,0.10930470168797383,True
symmetric_tree,45,2,multifocal,0.759083740046051,0.1711867631039539,0,900315,0.02488433778609298,False
symmetric_tree,45,2,multifocal,0.759083740046051,0.1711867631039539,1,900316,0.02488433778609298,False
symmetric_tree,45,2,multifocal,0.759083740046051,0.1711867631039539,2,900317,0.02488433778609298,False
symmetric_tree,45,2,multifocal,0.759083740046051,0.1711867631039539,3,900318,0.02488433778609298,False
symmetric_tree,45,2,multifocal,0.759083740046051,0.1711867631039539,4,900319,0.02488433778609298,False
symmetric_tree,46,2,localized,0.957598573322483,0.6183334115386643,0,900322,0.18227687243167578,True
symmetric_tree,46,2,localized,0.957598573322483,0.6183334115386643,1,900323,0.18227687243167578,True
symmetric_tree,46,2,localized,0.957598573322483,0.6183334115386643,2,900324,0.18227687243167578,True
symmetric_tree,46,2,localized,0.957598573322483,0.6183334115386643,3,900325,0.18227687243167578,True
symmetric_tree,46,2,localized,0.957598573322483,0.6183334115386643,4,900326,0.18227687243167578,True
symmetric_tree,47,2,regional,0.7001223183161978,0.17341041923204237,0,900329,0.02838950901071162,True
symmetric_tree,47,2,regional,0.7001223183161978,0.17341041923204237,1,900330,0.028389509010711612,True
symmetric_tree,47,2,regional,0.7001223183161978,0.17341041923204237,2,900331,0.02838950901071161,True
symmetric_tree,47,2,regional,0.7001223183161978,0.17341041923204237,3,900332,0.02838950901071162,True
symmetric_tree,47,2,regional,0.7001223183161978,0.17341041923204237,4,900333,0.02838950901071162,True
symmetric_tree,48,2,multifocal,0.931063337661691,0.24516616229647772,0,900336,0.06586625053462367,True
symmetric_tree,48,2,multifocal,0.931063337661691,0.24516616229647772,1,900337,0.06586625053462367,True
symmetric_tree,48,2,multifocal,0.931063337661691,0.24516616229647772,2,900338,0.06586625053462367,True
symmetric_tree,48,2,multifocal,0.931063337661691,0.24516616229647772,3,900339,0.06586625053462367,True
symmetric_tree,48,2,multifocal,0.931063337661691,0.24516616229647772,4,900340,0.06586625053462367,True
symmetric_tree,49,2,localized,0.8475367541341985,0.45017606468940635,0,900343,0.12308978382305265,True
symmetric_tree,49,2,localized,0.8475367541341985,0.45017606468940635,1,900344,0.12308978382305265,True
symmetric_tree,49,2,localized,0.8475367541341985,0.45017606468940635,2,900345,0.12308978382305265,False
symmetric_tree,49,2,localized,0.8475367541341985,0.45017606468940635,3,900346,0.12308978382305265,True
symmetric_tree,49,2,localized,0.8475367541341985,0.45017606468940635,4,900347,0.12308978382305265,True
symmetric_tree,50,2,regional,0.9159229556807511,0.33946894379274545,0,900350,0.08439601919277004,False
symmetric_tree,50,2,regional,0.9159229556807511,0.33946894379274545,1,900351,0.08439601919277004,True
symmetric_tree,50,2,regional,0.9159229556807511,0.33946894379274545,2,900352,0.08439601919277004,True
symmetric_tree,50,2,regional,0.9159229556807511,0.33946894379274545,3,900353,0.08439601919277004,True
symmetric_tree,50,2,regional,0.9159229556807511,0.33946894379274545,4,900354,0.08439601919277004,True
symmetric_tree,51,2,multifocal,0.9857575352811845,0.3480540986548957,0,900357,0.08494843675109237,True
symmetric_tree,51,2,multifocal,0.9857575352811845,0.3480540986548957,1,900358,0.08494843675109237,True
symmetric_tree,51,2,multifocal,0.9857575352811845,0.3480540986548957,2,900359,0.08494843675109237,True
symmetric_tree,51,2,multifocal,0.9857575352811845,0.3480540986548957,3,900360,0.08494843675109237,True
symmetric_tree,51,2,multifocal,0.9857575352811845,0.3480540986548957,4,900361,0.08494843675109237,True
symmetric_tree,52,2,localized,0.903460631342623,0.5478474721650759,0,900364,0.14569024261268979,True
symmetric_tree,52,2,localized,0.903460631342623,0.5478474721650759,1,900365,0.14569024261268979,True
symmetric_tree,52,2,localized,0.903460631342623,0.5478474721650759,2,900366,0.14569024261268979,True
symmetric_tree,52,2,localized,0.903460631342623,0.5478474721650759,3,900367,0.14569024261268979,True
symmetric_tree,52,2,localized,0.903460631342623,0.5478474721650759,4,900368,0.14569024261268979,True
symmetric_tree,53,2,regional,0.7998172326267052,0.2823580790362054,0,900371,0.0683819434538068,True
symmetric_tree,53,2,regional,0.7998172326267052,0.2823580790362054,1,900372,0.0683819434538068,True
symmetric_tree,53,2,regional,0.7998172326267052,0.2823580790362054,2,900373,0.06838194345380681,True
symmetric_tree,53,2,regional,0.7998172326267052,0.2823580790362054,3,900374,0.0683819434538068,True
symmetric_tree,53,2,regional,0.7998172326267052,0.2823580790362054,4,900375,0.0683819434538068,True
symmetric_tree,54,2,multifocal,0.8447195857436882,0.18139800845849913,0,900378,0.03627170030027084,True
symmetric_tree,54,2,multifocal,0.8447195857436882,0.18139800845849913,1,900379,0.03627170030027084,True
symmetric_tree,54,2,multifocal,0.8447195857436882,0.18139800845849913,2,900380,0.03627170030027084,True
symmetric_tree,54,2,multifocal,0.8447195857436882,0.18139800845849913,3,900381,0.03627170030027084,True
symmetric_tree,54,2,multifocal,0.8447195857436882,0.18139800845849913,4,900382,0.03627170030027084,True
symmetric_tree,55,2,localized,0.7704946820231672,0.47892439170024065,0,900385,0.1491865458961014,True
symmetric_tree,55,2,localized,0.7704946820231672,0.47892439170024065,1,900386,0.1491865458961014,True
symmetric_tree,55,2,localized,0.7704946820231672,0.47892439170024065,2,900387,0.1491865458961014,True
symmetric_tree,55,2,localized,0.7704946820231672,0.47892439170024065,3,900388,0.1491865458961014,True
symmetric_tree,55,2,localized,0.7704946820231672,0.47892439170024065,4,900389,0.1491865458961014,True
symmetric_tree,56,2,regional,0.804795314920312,0.27215258253186664,0,900392,0.05465493935513072,True
symmetric_tree,56,2,regional,0.804795314920312,0.27215258253186664,1,900393,0.05465493935513072,True
symmetric_tree,56,2,regional,0.804795314920312,0.27215258253186664,2,900394,0.05465493935513072,True
symmetric_tree,56,2,regional,0.804795314920312,0.27215258253186664,3,900395,0.05465493935513072,True
symmetric_tree,56,2,regional,0.804795314920312,0.27215258253186664,4,900396,0.05465493935513072,True
symmetric_tree,57,2,multifocal,0.9034450598117326,0.22040963678855333,0,900399,0.052894133250365384,False
symmetric_tree,57,2,multifocal,0.9034450598117326,0.22040963678855333,1,900400,0.052894133250365384,False
symmetric_tree,57,2,multifocal,0.9034450598117326,0.22040963678855333,2,900401,0.052894133250365384,False
symmetric_tree,57,2,multifocal,0.9034450598117326,0.22040963678855333,3,900402,0.052894133250365384,False
symmetric_tree,57,2,multifocal,0.9034450598117326,0.22040963678855333,4,900403,0.052894133250365384,False
symmetric_tree,58,2,localized,0.8562366041647899,0.5505346907095969,0,900406,0.16161849183399324,True
symmetric_tree,58,2,localized,0.8562366041647899,0.5505346907095969,1,900407,0.16161849183399324,True
symmetric_tree,58,2,localized,0.8562366041647899,0.5505346907095969,2,900408,0.16161849183399324,True
symmetric_tree,58,2,localized,0.8562366041647899,0.5505346907095969,3,900409,0.16161849183399324,True
symmetric_tree,58,2,localized,0.8562366041647899,0.5505346907095969,4,900410,0.16161849183399324,True
symmetric_tree,59,2,regional,0.7891079625154142,0.3515442469945163,0,900413,0.08564606737056499,True
symmetric_tree,59,2,regional,0.7891079625154142,0.3515442469945163,1,900414,0.08564606737056499,True
symmetric_tree,59,2,regional,0.7891079625154142,0.3515442469945163,2,900415,0.08564606737056499,True
symmetric_tree,59,2,regional,0.7891079625154142,0.3515442469945163,3,900416,0.08564606737056499,True
symmetric_tree,59,2,regional,0.7891079625154142,0.3515442469945163,4,900417,0.08564606737056499,True
murray_tree,0,0,localized,0.045972928777221624,0.02946839467686412,0,901000,0.006910713919765306,True
murray_tree,0,0,localized,0.045972928777221624,0.02946839467686412,1,901001,0.006910713919765306,True
murray_tree,0,0,localized,0.045972928777221624,0.02946839467686412,2,901002,0.006910713919765306,True
murray_tree,0,0,localized,0.045972928777221624,0.02946839467686412,3,901003,0.006910713919765306,True
murray_tree,0,0,localized,0.045972928777221624,0.02946839467686412,4,901004,0.006910713919765306,True
murray_tree,1,0,regional,0.10850077183780167,0.0413269432346954,0,901007,0.006022440237376777,True
murray_tree,1,0,regional,0.10850077183780167,0.0413269432346954,1,901008,0.0060224402373767775,True
murray_tree,1,0,regional,0.10850077183780167,0.0413269432346954,2,901009,0.006022440237376777,True
murray_tree,1,0,regional,0.10850077183780167,0.0413269432346954,3,901010,0.0060224402373767775,True
murray_tree,1,0,regional,0.10850077183780167,0.0413269432346954,4,901011,0.0060224402373767775,True
murray_tree,2,0,multifocal,0.058429950859490654,0.019869591286834264,0,901014,0.0019971954260014574,True
murray_tree,2,0,multifocal,0.058429950859490654,0.019869591286834264,1,901015,0.0019971954260014574,True
murray_tree,2,0,multifocal,0.058429950859490654,0.019869591286834264,2,901016,0.0019971954260014574,True
murray_tree,2,0,multifocal,0.058429950859490654,0.019869591286834264,3,901017,0.0019971954260014574,True
murray_tree,2,0,multifocal,0.058429950859490654,0.019869591286834264,4,901018,0.0019971954260014574,True
murray_tree,3,0,localized,0.05539146801759046,0.023097120141520443,0,901021,0.0018968610446694304,True
murray_tree,3,0,localized,0.05539146801759046,0.023097120141520443,1,901022,0.0018968610446694304,True
murray_tree,3,0,localized,0.05539146801759046,0.023097120141520443,2,901023,0.0018968610446694304,True
murray_tree,3,0,localized,0.05539146801759046,0.023097120141520443,3,901024,0.0018968610446694304,True
murray_tree,3,0,localized,0.05539146801759046,0.023097120141520443,4,901025,0.0018968610446694304,True
murray_tree,4,0,regional,0.1814632892772602,0.05309196799975901,0,901028,0.006122692889080612,True
murray_tree,4,0,regional,0.1814632892772602,0.05309196799975901,1,901029,0.006122692889080602,True
murray_tree,4,0,regional,0.1814632892772602,0.05309196799975901,2,901030,0.006122692889080611,True
murray_tree,4,0,regional,0.1814632892772602,0.05309196799975901,3,901031,0.006122692889080609,True
murray_tree,4,0,regional,0.1814632892772602,0.05309196799975901,4,901032,0.006122692889080611,True
murray_tree,5,0,multifocal,0.26968693308350855,0.05822901981783608,0,901035,0.0037078581380013027,True
murray_tree,5,0,multifocal,0.26968693308350855,0.05822901981783608,1,901036,0.0037078581380013027,True
murray_tree,5,0,multifocal,0.26968693308350855,0.05822901981783608,2,901037,0.0037078581380013023,True
murray_tree,5,0,multifocal,0.26968693308350855,0.05822901981783608,3,901038,0.003707858138001305,True
murray_tree,5,0,multifocal,0.26968693308350855,0.05822901981783608,4,901039,0.0037078581380013045,True
murray_tree,6,0,localized,0.2103375331715025,0.14005438984978824,0,901042,0.038990821702712265,True
murray_tree,6,0,localized,0.2103375331715025,0.14005438984978824,1,901043,0.038990821702712265,True
murray_tree,6,0,localized,0.2103375331715025,0.14005438984978824,2,901044,0.03899082170271227,True
murray_tree,6,0,localized,0.2103375331715025,0.14005438984978824,3,901045,0.038990821702712265,True
murray_tree,6,0,localized,0.2103375331715025,0.14005438984978824,4,901046,0.03899082170271227,False
murray_tree,7,0,regional,0.2553870731131024,0.11255948699524297,0,901049,0.01637401870355784,True
murray_tree,7,0,regional,0.2553870731131024,0.11255948699524297,1,901050,0.016374018703557848,True
murray_tree,7,0,regional,0.2553870731131024,0.11255948699524297,2,901051,0.01637401870355784,True
murray_tree,7,0,regional,0.2553870731131024,0.11255948699524297,3,901052,0.01637401870355786,True
murray_tree,7,0,regional,0.2553870731131024,0.11255948699524297,4,901053,0.016374018703557848,True
murray_tree,8,0,multifocal,0.14580049600757666,0.02484234086860036,0,901056,0.004776259849337306,True
murray_tree,8,0,multifocal,0.14580049600757666,0.02484234086860036,1,901057,0.004776259849337306,True
murray_tree,8,0,multifocal,0.14580049600757666,0.02484234086860036,2,901058,0.004776259849337306,True
murray_tree,8,0,multifocal,0.14580049600757666,0.02484234086860036,3,901059,0.004776259849337307,True
murray_tree,8,0,multifocal,0.14580049600757666,0.02484234086860036,4,901060,0.004776259849337306,True
murray_tree,9,0,localized,0.13912298042578608,0.09255498418122866,0,901063,0.0176715791960001,True
murray_tree,9,0,localized,0.13912298042578608,0.09255498418122866,1,901064,0.0176715791960001,True
murray_tree,9,0,localized,0.13912298042578608,0.09255498418122866,2,901065,0.0176715791960001,True
murray_tree,9,0,localized,0.13912298042578608,0.09255498418122866,3,901066,0.0176715791960001,True
murray_tree,9,0,localized,0.13912298042578608,0.09255498418122866,4,901067,0.0176715791960001,True
murray_tree,10,0,regional,0.04523928081336255,0.013380176886697043,0,901070,0.0011999054380813685,True
murray_tree,10,0,regional,0.04523928081336255,0.013380176886697043,1,901071,0.0011999054380813685,True
murray_tree,10,0,regional,0.04523928081336255,0.013380176886697043,2,901072,0.0011999054380813685,True
murray_tree,10,0,regional,0.04523928081336255,0.013380176886697043,3,901073,0.0011999054380813685,True
murray_tree,10,0,regional,0.04523928081336255,0.013380176886697043,4,901074,0.0011999054380813685,True
murray_tree,11,0,multifocal,0.016727153004898465,0.0040216079601165,0,901077,0.0005293098862778527,True
murray_tree,11,0,multifocal,0.016727153004898465,0.0040216079601165,1,901078,0.0005293098862778527,True
murray_tree,11,0,multifocal,0.016727153004898465,0.0040216079601165,2,901079,0.0005293098862778528,True
murray_tree,11,0,multifocal,0.016727153004898465,0.0040216079601165,3,901080,0.0005293098862778527,True
murray_tree,11,0,multifocal,0.016727153004898465,0.0040216079601165,4,901081,0.0005293098862778527,True
murray_tree,12,0,localized,0.1029516055873499,0.049469351128214815,0,901084,0.006964259099867376,True
murray_tree,12,0,localized,0.1029516055873499,0.049469351128214815,1,901085,0.006964259099867376,True
murray_tree,12,0,localized,0.1029516055873499,0.049469351128214815,2,901086,0.006964259099867376,True
murray_tree,12,0,localized,0.1029516055873499,0.049469351128214815,3,901087,0.006964259099867376,True
murray_tree,12,0,localized,0.1029516055873499,0.049469351128214815,4,901088,0.006964259099867376,True
murray_tree,13,0,regional,0.039594459860386524,0.01199461591236745,0,901091,0.000885311485688232,True
murray_tree,13,0,regional,0.039594459860386524,0.01199461591236745,1,901092,0.0008853114856882323,True
murray_tree,13,0,regional,0.039594459860386524,0.01199461591236745,2,901093,0.000885311485688232,True
murray_tree,13,0,regional,0.039594459860386524,0.01199461591236745,3,901094,0.0008853114856882321,True
murray_tree,13,0,regional,0.039594459860386524,0.01199461591236745,4,901095,0.0008853114856882326,True
murray_tree,14,0,multifocal,0.04870051952975766,0.01199177066776276,0,901098,0.0023252673398578574,True
murray_tree,14,0,multifocal,0.04870051952975766,0.01199177066776276,1,901099,0.0023252673398578574,True
murray_tree,14,0,multifocal,0.04870051952975766,0.01199177066776276,2,901100,0.0023252673398578574,True
murray_tree,14,0,multifocal,0.04870051952975766,0.01199177066776276,3,901101,0.0023252673398578574,True
murray_tree,14,0,multifocal,0.04870051952975766,0.01199177066776276,4,901102,0.0023252673398578574,True
murray_tree,15,0,localized,0.19664863716852157,0.1236060960415139,0,901105,0.031005947242369842,True
murray_tree,15,0,localized,0.19664863716852157,0.1236060960415139,1,901106,0.031005947242369845,True
murray_tree,15,0,localized,0.19664863716852157,0.1236060960415139,2,901107,0.031005947242369852,True
murray_tree,15,0,localized,0.19664863716852157,0.1236060960415139,3,901108,0.03100594724236983,True
murray_tree,15,0,localized,0.19664863716852157,0.1236060960415139,4,901109,0.03100594724236985,True
murray_tree,16,0,regional,0.07696970596471797,0.030250070263128044,0,901112,0.005267016617667104,True
murray_tree,16,0,regional,0.07696970596471797,0.030250070263128044,1,901113,0.005267016617667104,True
murray_tree,16,0,regional,0.07696970596471797,0.030250070263128044,2,901114,0.005267016617667104,True
murray_tree,16,0,regional,0.07696970596471797,0.030250070263128044,3,901115,0.005267016617667104,True
murray_tree,16,0,regional,0.07696970596471797,0.030250070263128044,4,901116,0.005267016617667104,True
murray_tree,17,0,multifocal,0.16864560245747062,0.03841696227287587,0,901119,0.004971043554118231,True
murray_tree,17,0,multifocal,0.16864560245747062,0.03841696227287587,1,901120,0.004971043554118231,True
murray_tree,17,0,multifocal,0.16864560245747062,0.03841696227287587,2,901121,0.00497104355411823,True
murray_tree,17,0,multifocal,0.16864560245747062,0.03841696227287587,3,901122,0.004971043554118231,True
murray_tree,17,0,multifocal,0.16864560245747062,0.03841696227287587,4,901123,0.004971043554118231,True
murray_tree,18,0,localized,0.3231381854506068,0.13189089473681714,0,901126,0.026502004918098072,True
murray_tree,18,0,localized,0.3231381854506068,0.13189089473681714,1,901127,0.026502004918098072,True
murray_tree,18,0,localized,0.3231381854506068,0.13189089473681714,2,901128,0.026502004918098072,True
murray_tree,18,0,localized,0.3231381854506068,0.13189089473681714,3,901129,0.02650200491809807,True
murray_tree,18,0,localized,0.3231381854506068,0.13189089473681714,4,901130,0.026502004918098072,True
murray_tree,19,0,regional,0.020088188846937933,0.010299898455714345,0,901133,0.0003472669787155043,True
murray_tree,19,0,regional,0.020088188846937933,0.010299898455714345,1,901134,0.0003472669787155043,True
murray_tree,19,0,regional,0.020088188846937933,0.010299898455714345,2,901135,0.0003472669787155043,True
murray_tree,19,0,regional,0.020088188846937933,0.010299898455714345,3,901136,0.0003472669787155043,True
murray_tree,19,0,regional,0.020088188846937933,0.010299898455714345,4,901137,0.0003472669787155043,True
murray_tree,20,1,localized,0.631443979014218,0.37364870357594376,0,901140,0.0998181461737623,True
murray_tree,20,1,localized,0.631443979014218,0.37364870357594376,1,901141,0.0998181461737623,True
murray_tree,20,1,localized,0.631443979014218,0.37364870357594376,2,901142,0.0998181461737623,True
murray_tree,20,1,localized,0.631443979014218,0.37364870357594376,3,901143,0.0998181461737623,True
murray_tree,20,1,localized,0.631443979014218,0.37364870357594376,4,901144,0.0998181461737623,True
murray_tree,21,1,regional,0.38210699400285486,0.10901014249807349,0,901147,0.017754880420013604,True
murray_tree,21,1,regional,0.38210699400285486,0.10901014249807349,1,901148,0.017754880420013608,True
murray_tree,21,1,regional,0.38210699400285486,0.10901014249807349,2,901149,0.017754880420013608,False
murray_tree,21,1,regional,0.38210699400285486,0.10901014249807349,3,901150,0.017754880420013608,True
murray_tree,21,1,regional,0.38210699400285486,0.10901014249807349,4,901151,0.017754880420013608,True
murray_tree,22,1,multifocal,0.41780497424074536,0.08080862695538531,0,901154,0.009459361508619734,True
murray_tree,22,1,multifocal,0.41780497424074536,0.08080862695538531,1,901155,0.009459361508619738,True
murray_tree,22,1,multifocal,0.41780497424074536,0.08080862695538531,2,901156,0.009459361508619738,True
murray_tree,22,1,multifocal,0.41780497424074536,0.08080862695538531,3,901157,0.009459361508619738,True
murray_tree,22,1,multifocal,0.41780497424074536,0.08080862695538531,4,901158,0.009459361508619738,True
murray_tree,23,1,localized,0.5236590882972818,0.30748957517885905,0,901161,0.08249236278831412,True
murray_tree,23,1,localized,0.5236590882972818,0.30748957517885905,1,901162,0.08249236278831412,True
murray_tree,23,1,localized,0.5236590882972818,0.30748957517885905,2,901163,0.08249236278831412,True
murray_tree,23,1,localized,0.5236590882972818,0.30748957517885905,3,901164,0.08249236278831412,True
murray_tree,23,1,localized,0.5236590882972818,0.30748957517885905,4,901165,0.08249236278831412,True
murray_tree,24,1,regional,0.5483173065930957,0.25419258198373923,0,901168,0.06067460956503501,True
murray_tree,24,1,regional,0.5483173065930957,0.25419258198373923,1,901169,0.06067460956503501,True
murray_tree,24,1,regional,0.5483173065930957,0.25419258198373923,2,901170,0.06067460956503501,True
murray_tree,24,1,regional,0.5483173065930957,0.25419258198373923,3,901171,0.06067460956503501,True
murray_tree,24,1,regional,0.5483173065930957,0.25419258198373923,4,901172,0.06067460956503501,True
murray_tree,25,1,multifocal,0.543568220993023,0.12419773388164945,0,901175,0.02269491179882913,False
murray_tree,25,1,multifocal,0.543568220993023,0.12419773388164945,1,901176,0.02269491179882913,True
murray_tree,25,1,multifocal,0.543568220993023,0.12419773388164945,2,901177,0.02269491179882913,False
murray_tree,25,1,multifocal,0.543568220993023,0.12419773388164945,3,901178,0.022694911798829133,True
murray_tree,25,1,multifocal,0.543568220993023,0.12419773388164945,4,901179,0.022694911798829133,True
murray_tree,26,1,localized,0.535373586666482,0.30620890180467214,0,901182,0.09107382967641418,True
murray_tree,26,1,localized,0.535373586666482,0.30620890180467214,1,901183,0.09107382967641417,True
murray_tree,26,1,localized,0.535373586666482,0.30620890180467214,2,901184,0.09107382967641418,True
murray_tree,26,1,localized,0.535373586666482,0.30620890180467214,3,901185,0.09107382967641417,False
murray_tree,26,1,localized,0.535373586666482,0.30620890180467214,4,901186,0.09107382967641418,True
murray_tree,27,1,regional,0.6378254248138255,0.24620771683159576,0,901189,0.07037850432049973,False
murray_tree,27,1,regional,0.6378254248138255,0.24620771683159576,1,901190,0.07037850432049975,True
murray_tree,27,1,regional,0.6378254248138255,0.24620771683159576,2,901191,0.07037850432049973,True
murray_tree,27,1,regional,0.6378254248138255,0.24620771683159576,3,901192,0.07037850432049975,True
murray_tree,27,1,regional,0.6378254248138255,0.24620771683159576,4,901193,0.07037850432049975,True
murray_tree,28,1,multifocal,0.5546419530364141,0.12511872372272692,0,901196,0.01900081859456,True
murray_tree,28,1,multifocal,0.5546419530364141,0.12511872372272692,1,901197,0.019000818594559998,True
murray_tree,28,1,multifocal,0.5546419530364141,0.12511872372272692,2,901198,0.01900081859456,True
murray_tree,28,1,multifocal,0.5546419530364141,0.12511872372272692,3,901199,0.01900081859456,True
murray_tree,28,1,multifocal,0.5546419530364141,0.12511872372272692,4,901200,0.01900081859456,True
murray_tree,29,1,localized,0.4751592274424806,0.25899339688497536,0,901203,0.07155351170894722,True
murray_tree,29,1,localized,0.4751592274424806,0.25899339688497536,1,901204,0.07155351170894722,True
murray_tree,29,1,localized,0.4751592274424806,0.25899339688497536,2,901205,0.07155351170894722,True
murray_tree,29,1,localized,0.4751592274424806,0.25899339688497536,3,901206,0.07155351170894722,True
murray_tree,29,1,localized,0.4751592274424806,0.25899339688497536,4,901207,0.07155351170894722,True
murray_tree,30,1,regional,0.5080190920560546,0.21237072715993413,0,901210,0.04725839529081343,True
murray_tree,30,1,regional,0.5080190920560546,0.21237072715993413,1,901211,0.04725839529081343,True
murray_tree,30,1,regional,0.5080190920560546,0.21237072715993413,2,901212,0.04725839529081342,True
murray_tree,30,1,regional,0.5080190920560546,0.21237072715993413,3,901213,0.04725839529081344,True
murray_tree,30,1,regional,0.5080190920560546,0.21237072715993413,4,901214,0.04725839529081343,True
murray_tree,31,1,multifocal,0.6302432344118136,0.1554883460553212,0,901217,0.03504151625564333,True
murray_tree,31,1,multifocal,0.6302432344118136,0.1554883460553212,1,901218,0.035041516255643335,True
murray_tree,31,1,multifocal,0.6302432344118136,0.1554883460553212,2,901219,0.035041516255643335,True
murray_tree,31,1,multifocal,0.6302432344118136,0.1554883460553212,3,901220,0.035041516255643335,False
murray_tree,31,1,multifocal,0.6302432344118136,0.1554883460553212,4,901221,0.035041516255643335,True
murray_tree,32,1,localized,0.6096597408683868,0.3287017474481804,0,901224,0.08777254249155478,True
murray_tree,32,1,localized,0.6096597408683868,0.3287017474481804,1,901225,0.08777254249155478,True
murray_tree,32,1,localized,0.6096597408683868,0.3287017474481804,2,901226,0.08777254249155478,True
murray_tree,32,1,localized,0.6096597408683868,0.3287017474481804,3,901227,0.08777254249155478,True
murray_tree,32,1,localized,0.6096597408683868,0.3287017474481804,4,901228,0.08777254249155478,True
murray_tree,33,1,regional,0.4214990300597783,0.16075773340325522,0,901231,0.036213614768942644,True
murray_tree,33,1,regional,0.4214990300597783,0.16075773340325522,1,901232,0.03621361476894264,True
murray_tree,33,1,regional,0.4214990300597783,0.16075773340325522,2,901233,0.03621361476894264,False
murray_tree,33,1,regional,0.4214990300597783,0.16075773340325522,3,901234,0.036213614768942644,True
murray_tree,33,1,regional,0.4214990300597783,0.16075773340325522,4,901235,0.03621361476894264,True
murray_tree,34,1,multifocal,0.41348535827311317,0.13756846968897715,0,901238,0.03631438405289598,True
murray_tree,34,1,multifocal,0.41348535827311317,0.13756846968897715,1,901239,0.03631438405289598,True
murray_tree,34,1,multifocal,0.41348535827311317,0.13756846968897715,2,901240,0.03631438405289598,True
murray_tree,34,1,multifocal,0.41348535827311317,0.13756846968897715,3,901241,0.03631438405289598,True
murray_tree,34,1,multifocal,0.41348535827311317,0.13756846968897715,4,901242,0.03631438405289598,True
murray_tree,35,1,localized,0.34873427905957066,0.1880366149564209,0,901245,0.047446068362203796,True
murray_tree,35,1,localized,0.34873427905957066,0.1880366149564209,1,901246,0.047446068362203796,True
murray_tree,35,1,localized,0.34873427905957066,0.1880366149564209,2,901247,0.047446068362203796,True
murray_tree,35,1,localized,0.34873427905957066,0.1880366149564209,3,901248,0.047446068362203796,True
murray_tree,35,1,localized,0.34873427905957066,0.1880366149564209,4,901249,0.04744606836220378,True
murray_tree,36,1,regional,0.6139524332569114,0.20828294415401302,0,901252,0.056854278194055356,True
murray_tree,36,1,regional,0.6139524332569114,0.20828294415401302,1,901253,0.056854278194055356,True
murray_tree,36,1,regional,0.6139524332569114,0.20828294415401302,2,901254,0.05685427819405534,True
murray_tree,36,1,regional,0.6139524332569114,0.20828294415401302,3,901255,0.05685427819405535,True
murray_tree,36,1,regional,0.6139524332569114,0.20828294415401302,4,901256,0.05685427819405535,True
murray_tree,37,1,multifocal,0.5513320934575858,0.18613571819917585,0,901259,0.04054750284771093,True
murray_tree,37,1,multifocal,0.5513320934575858,0.18613571819917585,1,901260,0.04054750284771092,True
murray_tree,37,1,multifocal,0.5513320934575858,0.18613571819917585,2,901261,0.04054750284771093,True
murray_tree,37,1,multifocal,0.5513320934575858,0.18613571819917585,3,901262,0.04054750284771093,True
murray_tree,37,1,multifocal,0.5513320934575858,0.18613571819917585,4,901263,0.04054750284771093,True
murray_tree,38,1,localized,0.6157778315425091,0.25702584141901913,0,901266,0.07851503438968976,True
murray_tree,38,1,localized,0.6157778315425091,0.25702584141901913,1,901267,0.07851503438968978,True
murray_tree,38,1,localized,0.6157778315425091,0.25702584141901913,2,901268,0.07851503438968978,True
murray_tree,38,1,localized,0.6157778315425091,0.25702584141901913,3,901269,0.07851503438968978,True
murray_tree,38,1,localized,0.6157778315425091,0.25702584141901913,4,901270,0.07851503438968978,True
murray_tree,39,1,regional,0.4301477042486558,0.15545389906224938,0,901273,0.03639009649411998,False
murray_tree,39,1,regional,0.4301477042486558,0.15545389906224938,1,901274,0.03639009649411998,True
murray_tree,39,1,regional,0.4301477042486558,0.15545389906224938,2,901275,0.03639009649411997,False
murray_tree,39,1,regional,0.4301477042486558,0.15545389906224938,3,901276,0.03639009649411998,True
murray_tree,39,1,regional,0.4301477042486558,0.15545389906224938,4,901277,0.03639009649411997,True
murray_tree,40,2,localized,0.707014370557706,0.4413428835053598,0,901280,0.1154993564899356,True
murray_tree,40,2,localized,0.707014370557706,0.4413428835053598,1,901281,0.1154993564899356,True
murray_tree,40,2,localized,0.707014370557706,0.4413428835053598,2,901282,0.1154993564899356,True
murray_tree,40,2,localized,0.707014370557706,0.4413428835053598,3,901283,0.1154993564899356,True
murray_tree,40,2,localized,0.707014370557706,0.4413428835053598,4,901284,0.1154993564899356,True
murray_tree,41,2,regional,0.7912840404889079,0.27632062061324913,0,901287,0.07024715065806994,True
murray_tree,41,2,regional,0.7912840404889079,0.27632062061324913,1,901288,0.07024715065806994,True
murray_tree,41,2,regional,0.7912840404889079,0.27632062061324913,2,901289,0.07024715065806994,True
murray_tree,41,2,regional,0.7912840404889079,0.27632062061324913,3,901290,0.07024715065806994,True
murray_tree,41,2,regional,0.7912840404889079,0.27632062061324913,4,901291,0.07024715065806994,True
murray_tree,42,2,multifocal,0.7541664192320813,0.1679229996479092,0,901294,0.03475048084822218,True
murray_tree,42,2,multifocal,0.7541664192320813,0.1679229996479092,1,901295,0.03475048084822218,True
murray_tree,42,2,multifocal,0.7541664192320813,0.1679229996479092,2,901296,0.03475048084822218,True
murray_tree,42,2,multifocal,0.7541664192320813,0.1679229996479092,3,901297,0.03475048084822218,True
murray_tree,42,2,multifocal,0.7541664192320813,0.1679229996479092,4,901298,0.03475048084822218,False
murray_tree,43,2,localized,0.7939114710542189,0.38674478481204294,0,901301,0.10983261896561614,True
murray_tree,43,2,localized,0.7939114710542189,0.38674478481204294,1,901302,0.10983261896561614,True
murray_tree,43,2,localized,0.7939114710542189,0.38674478481204294,2,901303,0.10983261896561614,True
murray_tree,43,2,localized,0.7939114710542189,0.38674478481204294,3,901304,0.10983261896561614,True
murray_tree,43,2,localized,0.7939114710542189,0.38674478481204294,4,901305,0.10983261896561614,True
murray_tree,44,2,regional,0.9935061783056668,0.42342374208275735,0,901308,0.12183440963603893,True
murray_tree,44,2,regional,0.9935061783056668,0.42342374208275735,1,901309,0.12183440963603893,True
murray_tree,44,2,regional,0.9935061783056668,0.42342374208275735,2,901310,0.12183440963603893,True
murray_tree,44,2,regional,0.9935061783056668,0.42342374208275735,3,901311,0.12183440963603893,True
murray_tree,44,2,regional,0.9935061783056668,0.42342374208275735,4,901312,0.12183440963603893,True
murray_tree,45,2,multifocal,0.759083740046051,0.1711867631039539,0,901315,0.033168287292544375,True
murray_tree,45,2,multifocal,0.759083740046051,0.1711867631039539,1,901316,0.033168287292544375,True
murray_tree,45,2,multifocal,0.759083740046051,0.1711867631039539,2,901317,0.033168287292544375,True
murray_tree,45,2,multifocal,0.759083740046051,0.1711867631039539,3,901318,0.033168287292544375,True
murray_tree,45,2,multifocal,0.759083740046051,0.1711867631039539,4,901319,0.033168287292544375,True
murray_tree,46,2,localized,0.957598573322483,0.6183334115386643,0,901322,0.1935383924968552,True
murray_tree,46,2,localized,0.957598573322483,0.6183334115386643,1,901323,0.1935383924968552,True
murray_tree,46,2,localized,0.957598573322483,0.6183334115386643,2,901324,0.1935383924968552,True
murray_tree,46,2,localized,0.957598573322483,0.6183334115386643,3,901325,0.1935383924968552,True
murray_tree,46,2,localized,0.957598573322483,0.6183334115386643,4,901326,0.1935383924968552,True
murray_tree,47,2,regional,0.7001223183161978,0.17341041923204237,0,901329,0.039849539630343885,True
murray_tree,47,2,regional,0.7001223183161978,0.17341041923204237,1,901330,0.0398495396303439,True
murray_tree,47,2,regional,0.7001223183161978,0.17341041923204237,2,901331,0.03984953963034389,True
murray_tree,47,2,regional,0.7001223183161978,0.17341041923204237,3,901332,0.0398495396303439,True
murray_tree,47,2,regional,0.7001223183161978,0.17341041923204237,4,901333,0.0398495396303439,True
murray_tree,48,2,multifocal,0.931063337661691,0.24516616229647772,0,901336,0.06811923930422947,True
murray_tree,48,2,multifocal,0.931063337661691,0.24516616229647772,1,901337,0.06811923930422947,True
murray_tree,48,2,multifocal,0.931063337661691,0.24516616229647772,2,901338,0.06811923930422947,True
murray_tree,48,2,multifocal,0.931063337661691,0.24516616229647772,3,901339,0.06811923930422947,True
murray_tree,48,2,multifocal,0.931063337661691,0.24516616229647772,4,901340,0.06811923930422947,True
murray_tree,49,2,localized,0.8475367541341985,0.45017606468940635,0,901343,0.13746837601219672,True
murray_tree,49,2,localized,0.8475367541341985,0.45017606468940635,1,901344,0.13746837601219675,True
murray_tree,49,2,localized,0.8475367541341985,0.45017606468940635,2,901345,0.13746837601219675,True
murray_tree,49,2,localized,0.8475367541341985,0.45017606468940635,3,901346,0.13746837601219675,True
murray_tree,49,2,localized,0.8475367541341985,0.45017606468940635,4,901347,0.13746837601219675,True
murray_tree,50,2,regional,0.9159229556807511,0.33946894379274545,0,901350,0.09318690140245461,True
murray_tree,50,2,regional,0.9159229556807511,0.33946894379274545,1,901351,0.09318690140245461,True
murray_tree,50,2,regional,0.9159229556807511,0.33946894379274545,2,901352,0.09318690140245461,True
murray_tree,50,2,regional,0.9159229556807511,0.33946894379274545,3,901353,0.09318690140245461,True
murray_tree,50,2,regional,0.9159229556807511,0.33946894379274545,4,901354,0.09318690140245461,True
murray_tree,51,2,multifocal,0.9857575352811845,0.3480540986548957,0,901357,0.09771669757581719,True
murray_tree,51,2,multifocal,0.9857575352811845,0.3480540986548957,1,901358,0.09771669757581716,True
murray_tree,51,2,multifocal,0.9857575352811845,0.3480540986548957,2,901359,0.09771669757581718,True
murray_tree,51,2,multifocal,0.9857575352811845,0.3480540986548957,3,901360,0.09771669757581718,True
murray_tree,51,2,multifocal,0.9857575352811845,0.3480540986548957,4,901361,0.09771669757581718,True
murray_tree,52,2,localized,0.903460631342623,0.5478474721650759,0,901364,0.15171283298838092,True
murray_tree,52,2,localized,0.903460631342623,0.5478474721650759,1,901365,0.15171283298838092,True
murray_tree,52,2,localized,0.903460631342623,0.5478474721650759,2,901366,0.15171283298838092,True
murray_tree,52,2,localized,0.903460631342623,0.5478474721650759,3,901367,0.15171283298838092,True
murray_tree,52,2,localized,0.903460631342623,0.5478474721650759,4,901368,0.15171283298838092,True
murray_tree,53,2,regional,0.7998172326267052,0.2823580790362054,0,901371,0.07530529338148034,True
murray_tree,53,2,regional,0.7998172326267052,0.2823580790362054,1,901372,0.07530529338148034,True
murray_tree,53,2,regional,0.7998172326267052,0.2823580790362054,2,901373,0.07530529338148034,True
murray_tree,53,2,regional,0.7998172326267052,0.2823580790362054,3,901374,0.07530529338148034,True
murray_tree,53,2,regional,0.7998172326267052,0.2823580790362054,4,901375,0.07530529338148034,True
murray_tree,54,2,multifocal,0.8447195857436882,0.18139800845849913,0,901378,0.04485933714131103,True
murray_tree,54,2,multifocal,0.8447195857436882,0.18139800845849913,1,901379,0.04485933714131103,True
murray_tree,54,2,multifocal,0.8447195857436882,0.18139800845849913,2,901380,0.044859337141311045,True
murray_tree,54,2,multifocal,0.8447195857436882,0.18139800845849913,3,901381,0.044859337141311025,True
murray_tree,54,2,multifocal,0.8447195857436882,0.18139800845849913,4,901382,0.04485933714131104,True
murray_tree,55,2,localized,0.7704946820231672,0.47892439170024065,0,901385,0.15624651841527432,True
murray_tree,55,2,localized,0.7704946820231672,0.47892439170024065,1,901386,0.15624651841527432,True
murray_tree,55,2,localized,0.7704946820231672,0.47892439170024065,2,901387,0.15624651841527432,True
murray_tree,55,2,localized,0.7704946820231672,0.47892439170024065,3,901388,0.15624651841527432,True
murray_tree,55,2,localized,0.7704946820231672,0.47892439170024065,4,901389,0.15624651841527432,True
murray_tree,56,2,regional,0.804795314920312,0.27215258253186664,0,901392,0.06856265664802802,True
murray_tree,56,2,regional,0.804795314920312,0.27215258253186664,1,901393,0.06856265664802803,True
murray_tree,56,2,regional,0.804795314920312,0.27215258253186664,2,901394,0.06856265664802803,True
murray_tree,56,2,regional,0.804795314920312,0.27215258253186664,3,901395,0.06856265664802803,True
murray_tree,56,2,regional,0.804795314920312,0.27215258253186664,4,901396,0.06856265664802803,False
murray_tree,57,2,multifocal,0.9034450598117326,0.22040963678855333,0,901399,0.0602387025778122,True
murray_tree,57,2,multifocal,0.9034450598117326,0.22040963678855333,1,901400,0.0602387025778122,True
murray_tree,57,2,multifocal,0.9034450598117326,0.22040963678855333,2,901401,0.0602387025778122,True
murray_tree,57,2,multifocal,0.9034450598117326,0.22040963678855333,3,901402,0.0602387025778122,False
murray_tree,57,2,multifocal,0.9034450598117326,0.22040963678855333,4,901403,0.0602387025778122,True
murray_tree,58,2,localized,0.8562366041647899,0.5505346907095969,0,901406,0.1713044659203188,True
murray_tree,58,2,localized,0.8562366041647899,0.5505346907095969,1,901407,0.1713044659203188,True
murray_tree,58,2,localized,0.8562366041647899,0.5505346907095969,2,901408,0.1713044659203188,True
murray_tree,58,2,localized,0.8562366041647899,0.5505346907095969,3,901409,0.1713044659203188,True
murray_tree,58,2,localized,0.8562366041647899,0.5505346907095969,4,901410,0.1713044659203188,True
murray_tree,59,2,regional,0.7891079625154142,0.3515442469945163,0,901413,0.09615770031315977,True
murray_tree,59,2,regional,0.7891079625154142,0.3515442469945163,1,901414,0.09615770031315977,True
murray_tree,59,2,regional,0.7891079625154142,0.3515442469945163,2,901415,0.09615770031315977,False
murray_tree,59,2,regional,0.7891079625154142,0.3515442469945163,3,901416,0.09615770031315977,True
murray_tree,59,2,regional,0.7891079625154142,0.3515442469945163,4,901417,0.09615770031315977,True
looped_hierarchical,0,0,localized,0.045972928777221624,0.02946839467686412,0,902000,0.006910722679694785,True
looped_hierarchical,0,0,localized,0.045972928777221624,0.02946839467686412,1,902001,0.006910722679694785,True
looped_hierarchical,0,0,localized,0.045972928777221624,0.02946839467686412,2,902002,0.006910722679694784,True
looped_hierarchical,0,0,localized,0.045972928777221624,0.02946839467686412,3,902003,0.006910722679694785,True
looped_hierarchical,0,0,localized,0.045972928777221624,0.02946839467686412,4,902004,0.006910722679694785,True
looped_hierarchical,1,0,regional,0.10850077183780167,0.0413269432346954,0,902007,0.006047789461765487,True
looped_hierarchical,1,0,regional,0.10850077183780167,0.0413269432346954,1,902008,0.006047789461765487,True
looped_hierarchical,1,0,regional,0.10850077183780167,0.0413269432346954,2,902009,0.006047789461765487,True
looped_hierarchical,1,0,regional,0.10850077183780167,0.0413269432346954,3,902010,0.006047789461765487,True
looped_hierarchical,1,0,regional,0.10850077183780167,0.0413269432346954,4,902011,0.006047789461765487,True
looped_hierarchical,2,0,multifocal,0.058429950859490654,0.019869591286834264,0,902014,0.0038672020760540647,True
looped_hierarchical,2,0,multifocal,0.058429950859490654,0.019869591286834264,1,902015,0.0038672020760540647,True
looped_hierarchical,2,0,multifocal,0.058429950859490654,0.019869591286834264,2,902016,0.0038672020760540647,True
looped_hierarchical,2,0,multifocal,0.058429950859490654,0.019869591286834264,3,902017,0.003867202076054065,True
looped_hierarchical,2,0,multifocal,0.058429950859490654,0.019869591286834264,4,902018,0.0038672020760540647,True
looped_hierarchical,3,0,localized,0.05539146801759046,0.023097120141520443,0,902021,0.002943888310917795,True
looped_hierarchical,3,0,localized,0.05539146801759046,0.023097120141520443,1,902022,0.002943888310917795,True
looped_hierarchical,3,0,localized,0.05539146801759046,0.023097120141520443,2,902023,0.002943888310917795,True
looped_hierarchical,3,0,localized,0.05539146801759046,0.023097120141520443,3,902024,0.002943888310917795,True
looped_hierarchical,3,0,localized,0.05539146801759046,0.023097120141520443,4,902025,0.002943888310917795,True
looped_hierarchical,4,0,regional,0.1814632892772602,0.05309196799975901,0,902028,0.006315215386164344,True
looped_hierarchical,4,0,regional,0.1814632892772602,0.05309196799975901,1,902029,0.0063152153861643434,True
looped_hierarchical,4,0,regional,0.1814632892772602,0.05309196799975901,2,902030,0.006315215386164344,True
looped_hierarchical,4,0,regional,0.1814632892772602,0.05309196799975901,3,902031,0.006315215386164344,True
looped_hierarchical,4,0,regional,0.1814632892772602,0.05309196799975901,4,902032,0.006315215386164344,True
looped_hierarchical,5,0,multifocal,0.26968693308350855,0.05822901981783608,0,902035,0.00520923608674332,True
looped_hierarchical,5,0,multifocal,0.26968693308350855,0.05822901981783608,1,902036,0.00520923608674332,True
looped_hierarchical,5,0,multifocal,0.26968693308350855,0.05822901981783608,2,902037,0.00520923608674332,True
looped_hierarchical,5,0,multifocal,0.26968693308350855,0.05822901981783608,3,902038,0.00520923608674332,True
looped_hierarchical,5,0,multifocal,0.26968693308350855,0.05822901981783608,4,902039,0.00520923608674332,True
looped_hierarchical,6,0,localized,0.2103375331715025,0.14005438984978824,0,902042,0.03597873367450635,True
looped_hierarchical,6,0,localized,0.2103375331715025,0.14005438984978824,1,902043,0.03597873367450635,True
looped_hierarchical,6,0,localized,0.2103375331715025,0.14005438984978824,2,902044,0.03597873367450635,True
looped_hierarchical,6,0,localized,0.2103375331715025,0.14005438984978824,3,902045,0.03597873367450635,True
looped_hierarchical,6,0,localized,0.2103375331715025,0.14005438984978824,4,902046,0.03597873367450635,True
looped_hierarchical,7,0,regional,0.2553870731131024,0.11255948699524297,0,902049,0.01234062719980117,False
looped_hierarchical,7,0,regional,0.2553870731131024,0.11255948699524297,1,902050,0.012340627199801156,True
looped_hierarchical,7,0,regional,0.2553870731131024,0.11255948699524297,2,902051,0.012340627199801163,True
looped_hierarchical,7,0,regional,0.2553870731131024,0.11255948699524297,3,902052,0.012340627199801156,True
looped_hierarchical,7,0,regional,0.2553870731131024,0.11255948699524297,4,902053,0.01234062719980116,True
looped_hierarchical,8,0,multifocal,0.14580049600757666,0.02484234086860036,0,902056,0.004802337970264975,True
looped_hierarchical,8,0,multifocal,0.14580049600757666,0.02484234086860036,1,902057,0.004802337970264975,True
looped_hierarchical,8,0,multifocal,0.14580049600757666,0.02484234086860036,2,902058,0.004802337970264975,True
looped_hierarchical,8,0,multifocal,0.14580049600757666,0.02484234086860036,3,902059,0.004802337970264975,True
looped_hierarchical,8,0,multifocal,0.14580049600757666,0.02484234086860036,4,902060,0.004802337970264975,True
looped_hierarchical,9,0,localized,0.13912298042578608,0.09255498418122866,0,902063,0.016478098075594444,True
looped_hierarchical,9,0,localized,0.13912298042578608,0.09255498418122866,1,902064,0.016478098075594444,True
looped_hierarchical,9,0,localized,0.13912298042578608,0.09255498418122866,2,902065,0.016478098075594444,True
looped_hierarchical,9,0,localized,0.13912298042578608,0.09255498418122866,3,902066,0.016478098075594444,True
looped_hierarchical,9,0,localized,0.13912298042578608,0.09255498418122866,4,902067,0.016478098075594444,True
looped_hierarchical,10,0,regional,0.04523928081336255,0.013380176886697043,0,902070,0.0017188080213163817,True
looped_hierarchical,10,0,regional,0.04523928081336255,0.013380176886697043,1,902071,0.0017188080213163817,True
looped_hierarchical,10,0,regional,0.04523928081336255,0.013380176886697043,2,902072,0.0017188080213163817,True
looped_hierarchical,10,0,regional,0.04523928081336255,0.013380176886697043,3,902073,0.0017188080213163817,True
looped_hierarchical,10,0,regional,0.04523928081336255,0.013380176886697043,4,902074,0.0017188080213163817,True
looped_hierarchical,11,0,multifocal,0.016727153004898465,0.0040216079601165,0,902077,0.0005526688575148542,True
looped_hierarchical,11,0,multifocal,0.016727153004898465,0.0040216079601165,1,902078,0.0005526688575148543,True
looped_hierarchical,11,0,multifocal,0.016727153004898465,0.0040216079601165,2,902079,0.0005526688575148542,True
looped_hierarchical,11,0,multifocal,0.016727153004898465,0.0040216079601165,3,902080,0.0005526688575148542,True
looped_hierarchical,11,0,multifocal,0.016727153004898465,0.0040216079601165,4,902081,0.0005526688575148543,True
looped_hierarchical,12,0,localized,0.1029516055873499,0.049469351128214815,0,902084,0.010988530080110184,True
looped_hierarchical,12,0,localized,0.1029516055873499,0.049469351128214815,1,902085,0.010988530080110186,True
looped_hierarchical,12,0,localized,0.1029516055873499,0.049469351128214815,2,902086,0.010988530080110184,True
looped_hierarchical,12,0,localized,0.1029516055873499,0.049469351128214815,3,902087,0.010988530080110184,True
looped_hierarchical,12,0,localized,0.1029516055873499,0.049469351128214815,4,902088,0.010988530080110184,True
looped_hierarchical,13,0,regional,0.039594459860386524,0.01199461591236745,0,902091,0.0009938079024202277,True
looped_hierarchical,13,0,regional,0.039594459860386524,0.01199461591236745,1,902092,0.000993807902420228,True
looped_hierarchical,13,0,regional,0.039594459860386524,0.01199461591236745,2,902093,0.0009938079024202277,True
looped_hierarchical,13,0,regional,0.039594459860386524,0.01199461591236745,3,902094,0.0009938079024202277,True
looped_hierarchical,13,0,regional,0.039594459860386524,0.01199461591236745,4,902095,0.0009938079024202277,True
looped_hierarchical,14,0,multifocal,0.04870051952975766,0.01199177066776276,0,902098,0.002564714789929344,True
looped_hierarchical,14,0,multifocal,0.04870051952975766,0.01199177066776276,1,902099,0.002564714789929344,True
looped_hierarchical,14,0,multifocal,0.04870051952975766,0.01199177066776276,2,902100,0.002564714789929344,True
looped_hierarchical,14,0,multifocal,0.04870051952975766,0.01199177066776276,3,902101,0.002564714789929344,True
looped_hierarchical,14,0,multifocal,0.04870051952975766,0.01199177066776276,4,902102,0.002564714789929344,True
looped_hierarchical,15,0,localized,0.19664863716852157,0.1236060960415139,0,902105,0.030348413365756912,True
looped_hierarchical,15,0,localized,0.19664863716852157,0.1236060960415139,1,902106,0.030348413365756912,True
looped_hierarchical,15,0,localized,0.19664863716852157,0.1236060960415139,2,902107,0.030348413365756912,True
looped_hierarchical,15,0,localized,0.19664863716852157,0.1236060960415139,3,902108,0.03034841336575691,True
looped_hierarchical,15,0,localized,0.19664863716852157,0.1236060960415139,4,902109,0.03034841336575691,True
looped_hierarchical,16,0,regional,0.07696970596471797,0.030250070263128044,0,902112,0.005317421286290934,True
looped_hierarchical,16,0,regional,0.07696970596471797,0.030250070263128044,1,902113,0.005317421286290935,True
looped_hierarchical,16,0,regional,0.07696970596471797,0.030250070263128044,2,902114,0.005317421286290935,True
looped_hierarchical,16,0,regional,0.07696970596471797,0.030250070263128044,3,902115,0.005317421286290935,True
looped_hierarchical,16,0,regional,0.07696970596471797,0.030250070263128044,4,902116,0.005317421286290935,True
looped_hierarchical,17,0,multifocal,0.16864560245747062,0.03841696227287587,0,902119,0.00523018286598541,True
looped_hierarchical,17,0,multifocal,0.16864560245747062,0.03841696227287587,1,902120,0.00523018286598541,True
looped_hierarchical,17,0,multifocal,0.16864560245747062,0.03841696227287587,2,902121,0.00523018286598541,True
looped_hierarchical,17,0,multifocal,0.16864560245747062,0.03841696227287587,3,902122,0.00523018286598541,True
looped_hierarchical,17,0,multifocal,0.16864560245747062,0.03841696227287587,4,902123,0.00523018286598541,True
looped_hierarchical,18,0,localized,0.3231381854506068,0.13189089473681714,0,902126,0.02313987488000564,True
looped_hierarchical,18,0,localized,0.3231381854506068,0.13189089473681714,1,902127,0.023139874880005632,True
looped_hierarchical,18,0,localized,0.3231381854506068,0.13189089473681714,2,902128,0.02313987488000564,True
looped_hierarchical,18,0,localized,0.3231381854506068,0.13189089473681714,3,902129,0.02313987488000564,True
looped_hierarchical,18,0,localized,0.3231381854506068,0.13189089473681714,4,902130,0.02313987488000563,True
looped_hierarchical,19,0,regional,0.020088188846937933,0.010299898455714345,0,902133,0.0006534304374518393,True
looped_hierarchical,19,0,regional,0.020088188846937933,0.010299898455714345,1,902134,0.0006534304374518393,True
looped_hierarchical,19,0,regional,0.020088188846937933,0.010299898455714345,2,902135,0.0006534304374518393,True
looped_hierarchical,19,0,regional,0.020088188846937933,0.010299898455714345,3,902136,0.0006534304374518394,True
looped_hierarchical,19,0,regional,0.020088188846937933,0.010299898455714345,4,902137,0.0006534304374518394,True
looped_hierarchical,20,1,localized,0.631443979014218,0.37364870357594376,0,902140,0.1193164977355797,True
looped_hierarchical,20,1,localized,0.631443979014218,0.37364870357594376,1,902141,0.1193164977355797,True
looped_hierarchical,20,1,localized,0.631443979014218,0.37364870357594376,2,902142,0.1193164977355797,True
looped_hierarchical,20,1,localized,0.631443979014218,0.37364870357594376,3,902143,0.1193164977355797,True
looped_hierarchical,20,1,localized,0.631443979014218,0.37364870357594376,4,902144,0.1193164977355797,True
looped_hierarchical,21,1,regional,0.38210699400285486,0.10901014249807349,0,902147,0.013760589763868456,True
looped_hierarchical,21,1,regional,0.38210699400285486,0.10901014249807349,1,902148,0.01376058976386847,True
looped_hierarchical,21,1,regional,0.38210699400285486,0.10901014249807349,2,902149,0.013760589763868472,True
looped_hierarchical,21,1,regional,0.38210699400285486,0.10901014249807349,3,902150,0.013760589763868467,False
looped_hierarchical,21,1,regional,0.38210699400285486,0.10901014249807349,4,902151,0.013760589763868472,True
looped_hierarchical,22,1,multifocal,0.41780497424074536,0.08080862695538531,0,902154,0.010915345382325312,True
looped_hierarchical,22,1,multifocal,0.41780497424074536,0.08080862695538531,1,902155,0.010915345382325314,True
looped_hierarchical,22,1,multifocal,0.41780497424074536,0.08080862695538531,2,902156,0.010915345382325312,True
looped_hierarchical,22,1,multifocal,0.41780497424074536,0.08080862695538531,3,902157,0.010915345382325312,True
looped_hierarchical,22,1,multifocal,0.41780497424074536,0.08080862695538531,4,902158,0.010915345382325312,True
looped_hierarchical,23,1,localized,0.5236590882972818,0.30748957517885905,0,902161,0.07288692166660866,True
looped_hierarchical,23,1,localized,0.5236590882972818,0.30748957517885905,1,902162,0.07288692166660866,True
looped_hierarchical,23,1,localized,0.5236590882972818,0.30748957517885905,2,902163,0.07288692166660866,True
looped_hierarchical,23,1,localized,0.5236590882972818,0.30748957517885905,3,902164,0.07288692166660866,True
looped_hierarchical,23,1,localized,0.5236590882972818,0.30748957517885905,4,902165,0.07288692166660866,True
looped_hierarchical,24,1,regional,0.5483173065930957,0.25419258198373923,0,902168,0.05555276433890045,True
looped_hierarchical,24,1,regional,0.5483173065930957,0.25419258198373923,1,902169,0.05555276433890045,True
looped_hierarchical,24,1,regional,0.5483173065930957,0.25419258198373923,2,902170,0.05555276433890045,True
looped_hierarchical,24,1,regional,0.5483173065930957,0.25419258198373923,3,902171,0.05555276433890045,True
looped_hierarchical,24,1,regional,0.5483173065930957,0.25419258198373923,4,902172,0.05555276433890045,True
looped_hierarchical,25,1,multifocal,0.543568220993023,0.12419773388164945,0,902175,0.026717287155450974,True
looped_hierarchical,25,1,multifocal,0.543568220993023,0.12419773388164945,1,902176,0.026717287155450974,True
looped_hierarchical,25,1,multifocal,0.543568220993023,0.12419773388164945,2,902177,0.026717287155450978,True
looped_hierarchical,25,1,multifocal,0.543568220993023,0.12419773388164945,3,902178,0.026717287155450978,True
looped_hierarchical,25,1,multifocal,0.543568220993023,0.12419773388164945,4,902179,0.02671728715545097,True
looped_hierarchical,26,1,localized,0.535373586666482,0.30620890180467214,0,902182,0.07887036457277846,True
looped_hierarchical,26,1,localized,0.535373586666482,0.30620890180467214,1,902183,0.07887036457277846,True
looped_hierarchical,26,1,localized,0.535373586666482,0.30620890180467214,2,902184,0.07887036457277846,True
looped_hierarchical,26,1,localized,0.535373586666482,0.30620890180467214,3,902185,0.07887036457277846,True
looped_hierarchical,26,1,localized,0.535373586666482,0.30620890180467214,4,902186,0.07887036457277846,True
looped_hierarchical,27,1,regional,0.6378254248138255,0.24620771683159576,0,902189,0.058638347578954385,True
looped_hierarchical,27,1,regional,0.6378254248138255,0.24620771683159576,1,902190,0.058638347578954385,True
looped_hierarchical,27,1,regional,0.6378254248138255,0.24620771683159576,2,902191,0.058638347578954385,True
looped_hierarchical,27,1,regional,0.6378254248138255,0.24620771683159576,3,902192,0.058638347578954385,True
looped_hierarchical,27,1,regional,0.6378254248138255,0.24620771683159576,4,902193,0.058638347578954385,True
looped_hierarchical,28,1,multifocal,0.5546419530364141,0.12511872372272692,0,902196,0.02281584290507875,True
looped_hierarchical,28,1,multifocal,0.5546419530364141,0.12511872372272692,1,902197,0.022815842905078747,False
looped_hierarchical,28,1,multifocal,0.5546419530364141,0.12511872372272692,2,902198,0.022815842905078754,True
looped_hierarchical,28,1,multifocal,0.5546419530364141,0.12511872372272692,3,902199,0.022815842905078747,True
looped_hierarchical,28,1,multifocal,0.5546419530364141,0.12511872372272692,4,902200,0.02281584290507875,True
looped_hierarchical,29,1,localized,0.4751592274424806,0.25899339688497536,0,902203,0.06999389991337336,True
looped_hierarchical,29,1,localized,0.4751592274424806,0.25899339688497536,1,902204,0.06999389991337336,True
looped_hierarchical,29,1,localized,0.4751592274424806,0.25899339688497536,2,902205,0.06999389991337336,False
looped_hierarchical,29,1,localized,0.4751592274424806,0.25899339688497536,3,902206,0.06999389991337336,True
looped_hierarchical,29,1,localized,0.4751592274424806,0.25899339688497536,4,902207,0.06999389991337336,True
looped_hierarchical,30,1,regional,0.5080190920560546,0.21237072715993413,0,902210,0.04339681855977228,False
looped_hierarchical,30,1,regional,0.5080190920560546,0.21237072715993413,1,902211,0.04339681855977228,True
looped_hierarchical,30,1,regional,0.5080190920560546,0.21237072715993413,2,902212,0.04339681855977228,True
looped_hierarchical,30,1,regional,0.5080190920560546,0.21237072715993413,3,902213,0.04339681855977228,True
looped_hierarchical,30,1,regional,0.5080190920560546,0.21237072715993413,4,902214,0.04339681855977228,True
looped_hierarchical,31,1,multifocal,0.6302432344118136,0.1554883460553212,0,902217,0.034102186852518736,True
looped_hierarchical,31,1,multifocal,0.6302432344118136,0.1554883460553212,1,902218,0.034102186852518736,True
looped_hierarchical,31,1,multifocal,0.6302432344118136,0.1554883460553212,2,902219,0.034102186852518736,True
looped_hierarchical,31,1,multifocal,0.6302432344118136,0.1554883460553212,3,902220,0.034102186852518736,True
looped_hierarchical,31,1,multifocal,0.6302432344118136,0.1554883460553212,4,902221,0.034102186852518736,True
looped_hierarchical,32,1,localized,0.6096597408683868,0.3287017474481804,0,902224,0.08044671132663961,True
looped_hierarchical,32,1,localized,0.6096597408683868,0.3287017474481804,1,902225,0.08044671132663961,True
looped_hierarchical,32,1,localized,0.6096597408683868,0.3287017474481804,2,902226,0.08044671132663961,True
looped_hierarchical,32,1,localized,0.6096597408683868,0.3287017474481804,3,902227,0.08044671132663961,True
looped_hierarchical,32,1,localized,0.6096597408683868,0.3287017474481804,4,902228,0.08044671132663961,True
looped_hierarchical,33,1,regional,0.4214990300597783,0.16075773340325522,0,902231,0.0292821966548746,True
looped_hierarchical,33,1,regional,0.4214990300597783,0.16075773340325522,1,902232,0.0292821966548746,True
looped_hierarchical,33,1,regional,0.4214990300597783,0.16075773340325522,2,902233,0.0292821966548746,True
looped_hierarchical,33,1,regional,0.4214990300597783,0.16075773340325522,3,902234,0.0292821966548746,True
looped_hierarchical,33,1,regional,0.4214990300597783,0.16075773340325522,4,902235,0.029282196654874595,True
looped_hierarchical,34,1,multifocal,0.41348535827311317,0.13756846968897715,0,902238,0.04131820406854081,True
looped_hierarchical,34,1,multifocal,0.41348535827311317,0.13756846968897715,1,902239,0.04131820406854081,True
looped_hierarchical,34,1,multifocal,0.41348535827311317,0.13756846968897715,2,902240,0.04131820406854081,True
looped_hierarchical,34,1,multifocal,0.41348535827311317,0.13756846968897715,3,902241,0.04131820406854081,True
looped_hierarchical,34,1,multifocal,0.41348535827311317,0.13756846968897715,4,902242,0.0413182040685408,True
looped_hierarchical,35,1,localized,0.34873427905957066,0.1880366149564209,0,902245,0.048861111086759286,True
looped_hierarchical,35,1,localized,0.34873427905957066,0.1880366149564209,1,902246,0.048861111086759286,True
looped_hierarchical,35,1,localized,0.34873427905957066,0.1880366149564209,2,902247,0.048861111086759286,True
looped_hierarchical,35,1,localized,0.34873427905957066,0.1880366149564209,3,902248,0.048861111086759286,True
looped_hierarchical,35,1,localized,0.34873427905957066,0.1880366149564209,4,902249,0.048861111086759286,True
looped_hierarchical,36,1,regional,0.6139524332569114,0.20828294415401302,0,902252,0.04789715997524939,True
looped_hierarchical,36,1,regional,0.6139524332569114,0.20828294415401302,1,902253,0.04789715997524939,True
looped_hierarchical,36,1,regional,0.6139524332569114,0.20828294415401302,2,902254,0.047897159975249376,True
looped_hierarchical,36,1,regional,0.6139524332569114,0.20828294415401302,3,902255,0.04789715997524938,True
looped_hierarchical,36,1,regional,0.6139524332569114,0.20828294415401302,4,902256,0.047897159975249376,True
looped_hierarchical,37,1,multifocal,0.5513320934575858,0.18613571819917585,0,902259,0.03680018777655068,True
looped_hierarchical,37,1,multifocal,0.5513320934575858,0.18613571819917585,1,902260,0.03680018777655068,True
looped_hierarchical,37,1,multifocal,0.5513320934575858,0.18613571819917585,2,902261,0.03680018777655068,True
looped_hierarchical,37,1,multifocal,0.5513320934575858,0.18613571819917585,3,902262,0.03680018777655068,True
looped_hierarchical,37,1,multifocal,0.5513320934575858,0.18613571819917585,4,902263,0.0368001877765507,True
looped_hierarchical,38,1,localized,0.6157778315425091,0.25702584141901913,0,902266,0.06348867890761445,True
looped_hierarchical,38,1,localized,0.6157778315425091,0.25702584141901913,1,902267,0.06348867890761445,True
looped_hierarchical,38,1,localized,0.6157778315425091,0.25702584141901913,2,902268,0.06348867890761445,True
looped_hierarchical,38,1,localized,0.6157778315425091,0.25702584141901913,3,902269,0.06348867890761445,True
looped_hierarchical,38,1,localized,0.6157778315425091,0.25702584141901913,4,902270,0.06348867890761443,False
looped_hierarchical,39,1,regional,0.4301477042486558,0.15545389906224938,0,902273,0.025710086608953537,True
looped_hierarchical,39,1,regional,0.4301477042486558,0.15545389906224938,1,902274,0.025710086608953527,True
looped_hierarchical,39,1,regional,0.4301477042486558,0.15545389906224938,2,902275,0.025710086608953533,True
looped_hierarchical,39,1,regional,0.4301477042486558,0.15545389906224938,3,902276,0.025710086608953533,True
looped_hierarchical,39,1,regional,0.4301477042486558,0.15545389906224938,4,902277,0.025710086608953533,False
looped_hierarchical,40,2,localized,0.707014370557706,0.4413428835053598,0,902280,0.12657464824810413,True
looped_hierarchical,40,2,localized,0.707014370557706,0.4413428835053598,1,902281,0.12657464824810413,True
looped_hierarchical,40,2,localized,0.707014370557706,0.4413428835053598,2,902282,0.12657464824810413,True
looped_hierarchical,40,2,localized,0.707014370557706,0.4413428835053598,3,902283,0.12657464824810413,True
looped_hierarchical,40,2,localized,0.707014370557706,0.4413428835053598,4,902284,0.12657464824810413,True
looped_hierarchical,41,2,regional,0.7912840404889079,0.27632062061324913,0,902287,0.06762922131738201,False
looped_hierarchical,41,2,regional,0.7912840404889079,0.27632062061324913,1,902288,0.06762922131738201,True
looped_hierarchical,41,2,regional,0.7912840404889079,0.27632062061324913,2,902289,0.06762922131738199,True
looped_hierarchical,41,2,regional,0.7912840404889079,0.27632062061324913,3,902290,0.06762922131738201,True
looped_hierarchical,41,2,regional,0.7912840404889079,0.27632062061324913,4,902291,0.067629221317382,True
looped_hierarchical,42,2,multifocal,0.7541664192320813,0.1679229996479092,0,902294,0.03608171794361831,True
looped_hierarchical,42,2,multifocal,0.7541664192320813,0.1679229996479092,1,902295,0.03608171794361831,True
looped_hierarchical,42,2,multifocal,0.7541664192320813,0.1679229996479092,2,902296,0.03608171794361831,True
looped_hierarchical,42,2,multifocal,0.7541664192320813,0.1679229996479092,3,902297,0.03608171794361831,True
looped_hierarchical,42,2,multifocal,0.7541664192320813,0.1679229996479092,4,902298,0.03608171794361831,True
looped_hierarchical,43,2,localized,0.7939114710542189,0.38674478481204294,0,902301,0.11007392559198767,True
looped_hierarchical,43,2,localized,0.7939114710542189,0.38674478481204294,1,902302,0.11007392559198767,True
looped_hierarchical,43,2,localized,0.7939114710542189,0.38674478481204294,2,902303,0.11007392559198767,True
looped_hierarchical,43,2,localized,0.7939114710542189,0.38674478481204294,3,902304,0.11007392559198766,True
looped_hierarchical,43,2,localized,0.7939114710542189,0.38674478481204294,4,902305,0.11007392559198767,True
looped_hierarchical,44,2,regional,0.9935061783056668,0.42342374208275735,0,902308,0.12014668878024645,True
looped_hierarchical,44,2,regional,0.9935061783056668,0.42342374208275735,1,902309,0.12014668878024645,True
looped_hierarchical,44,2,regional,0.9935061783056668,0.42342374208275735,2,902310,0.12014668878024647,True
looped_hierarchical,44,2,regional,0.9935061783056668,0.42342374208275735,3,902311,0.12014668878024645,True
looped_hierarchical,44,2,regional,0.9935061783056668,0.42342374208275735,4,902312,0.12014668878024645,True
looped_hierarchical,45,2,multifocal,0.759083740046051,0.1711867631039539,0,902315,0.036432882421881446,True
looped_hierarchical,45,2,multifocal,0.759083740046051,0.1711867631039539,1,902316,0.036432882421881446,True
looped_hierarchical,45,2,multifocal,0.759083740046051,0.1711867631039539,2,902317,0.036432882421881446,True
looped_hierarchical,45,2,multifocal,0.759083740046051,0.1711867631039539,3,902318,0.036432882421881446,True
looped_hierarchical,45,2,multifocal,0.759083740046051,0.1711867631039539,4,902319,0.036432882421881446,True
looped_hierarchical,46,2,localized,0.957598573322483,0.6183334115386643,0,902322,0.18603251358484377,True
looped_hierarchical,46,2,localized,0.957598573322483,0.6183334115386643,1,902323,0.18603251358484377,True
looped_hierarchical,46,2,localized,0.957598573322483,0.6183334115386643,2,902324,0.18603251358484377,True
looped_hierarchical,46,2,localized,0.957598573322483,0.6183334115386643,3,902325,0.18603251358484377,True
looped_hierarchical,46,2,localized,0.957598573322483,0.6183334115386643,4,902326,0.18603251358484377,True
looped_hierarchical,47,2,regional,0.7001223183161978,0.17341041923204237,0,902329,0.029740208553049843,True
looped_hierarchical,47,2,regional,0.7001223183161978,0.17341041923204237,1,902330,0.029740208553049843,True
looped_hierarchical,47,2,regional,0.7001223183161978,0.17341041923204237,2,902331,0.029740208553049846,True
looped_hierarchical,47,2,regional,0.7001223183161978,0.17341041923204237,3,902332,0.029740208553049843,False
looped_hierarchical,47,2,regional,0.7001223183161978,0.17341041923204237,4,902333,0.029740208553049853,False
looped_hierarchical,48,2,multifocal,0.931063337661691,0.24516616229647772,0,902336,0.07021995078415927,True
looped_hierarchical,48,2,multifocal,0.931063337661691,0.24516616229647772,1,902337,0.07021995078415927,True
looped_hierarchical,48,2,multifocal,0.931063337661691,0.24516616229647772,2,902338,0.07021995078415927,True
looped_hierarchical,48,2,multifocal,0.931063337661691,0.24516616229647772,3,902339,0.07021995078415925,True
looped_hierarchical,48,2,multifocal,0.931063337661691,0.24516616229647772,4,902340,0.07021995078415925,False
looped_hierarchical,49,2,localized,0.8475367541341985,0.45017606468940635,0,902343,0.12655361171116936,True
looped_hierarchical,49,2,localized,0.8475367541341985,0.45017606468940635,1,902344,0.12655361171116936,True
looped_hierarchical,49,2,localized,0.8475367541341985,0.45017606468940635,2,902345,0.12655361171116936,True
looped_hierarchical,49,2,localized,0.8475367541341985,0.45017606468940635,3,902346,0.12655361171116936,True
looped_hierarchical,49,2,localized,0.8475367541341985,0.45017606468940635,4,902347,0.12655361171116936,True
looped_hierarchical,50,2,regional,0.9159229556807511,0.33946894379274545,0,902350,0.08950197083361482,True
looped_hierarchical,50,2,regional,0.9159229556807511,0.33946894379274545,1,902351,0.08950197083361482,True
looped_hierarchical,50,2,regional,0.9159229556807511,0.33946894379274545,2,902352,0.08950197083361482,True
looped_hierarchical,50,2,regional,0.9159229556807511,0.33946894379274545,3,902353,0.08950197083361482,True
looped_hierarchical,50,2,regional,0.9159229556807511,0.33946894379274545,4,902354,0.08950197083361482,True
looped_hierarchical,51,2,multifocal,0.9857575352811845,0.3480540986548957,0,902357,0.08913796341129927,True
looped_hierarchical,51,2,multifocal,0.9857575352811845,0.3480540986548957,1,902358,0.08913796341129927,True
looped_hierarchical,51,2,multifocal,0.9857575352811845,0.3480540986548957,2,902359,0.08913796341129927,True
looped_hierarchical,51,2,multifocal,0.9857575352811845,0.3480540986548957,3,902360,0.08913796341129927,True
looped_hierarchical,51,2,multifocal,0.9857575352811845,0.3480540986548957,4,902361,0.08913796341129927,True
looped_hierarchical,52,2,localized,0.903460631342623,0.5478474721650759,0,902364,0.17579845743328237,True
looped_hierarchical,52,2,localized,0.903460631342623,0.5478474721650759,1,902365,0.17579845743328237,True
looped_hierarchical,52,2,localized,0.903460631342623,0.5478474721650759,2,902366,0.17579845743328237,True
looped_hierarchical,52,2,localized,0.903460631342623,0.5478474721650759,3,902367,0.17579845743328237,True
looped_hierarchical,52,2,localized,0.903460631342623,0.5478474721650759,4,902368,0.17579845743328235,True
looped_hierarchical,53,2,regional,0.7998172326267052,0.2823580790362054,0,902371,0.06703378819778372,True
looped_hierarchical,53,2,regional,0.7998172326267052,0.2823580790362054,1,902372,0.06703378819778372,True
looped_hierarchical,53,2,regional,0.7998172326267052,0.2823580790362054,2,902373,0.06703378819778372,True
looped_hierarchical,53,2,regional,0.7998172326267052,0.2823580790362054,3,902374,0.06703378819778372,True
looped_hierarchical,53,2,regional,0.7998172326267052,0.2823580790362054,4,902375,0.06703378819778372,True
looped_hierarchical,54,2,multifocal,0.8447195857436882,0.18139800845849913,0,902378,0.04423992611583707,True
looped_hierarchical,54,2,multifocal,0.8447195857436882,0.18139800845849913,1,902379,0.044239926115837075,True
looped_hierarchical,54,2,multifocal,0.8447195857436882,0.18139800845849913,2,902380,0.04423992611583707,True
looped_hierarchical,54,2,multifocal,0.8447195857436882,0.18139800845849913,3,902381,0.04423992611583707,True
looped_hierarchical,54,2,multifocal,0.8447195857436882,0.18139800845849913,4,902382,0.04423992611583707,True
looped_hierarchical,55,2,localized,0.7704946820231672,0.47892439170024065,0,902385,0.14369704579900497,True
looped_hierarchical,55,2,localized,0.7704946820231672,0.47892439170024065,1,902386,0.14369704579900497,True
looped_hierarchical,55,2,localized,0.7704946820231672,0.47892439170024065,2,902387,0.14369704579900497,True
looped_hierarchical,55,2,localized,0.7704946820231672,0.47892439170024065,3,902388,0.14369704579900497,True
looped_hierarchical,55,2,localized,0.7704946820231672,0.47892439170024065,4,902389,0.14369704579900497,True
looped_hierarchical,56,2,regional,0.804795314920312,0.27215258253186664,0,902392,0.06456858349438692,False
looped_hierarchical,56,2,regional,0.804795314920312,0.27215258253186664,1,902393,0.06456858349438692,False
looped_hierarchical,56,2,regional,0.804795314920312,0.27215258253186664,2,902394,0.06456858349438692,False
looped_hierarchical,56,2,regional,0.804795314920312,0.27215258253186664,3,902395,0.06456858349438692,False
looped_hierarchical,56,2,regional,0.804795314920312,0.27215258253186664,4,902396,0.06456858349438692,False
looped_hierarchical,57,2,multifocal,0.9034450598117326,0.22040963678855333,0,902399,0.061552722879928815,True
looped_hierarchical,57,2,multifocal,0.9034450598117326,0.22040963678855333,1,902400,0.061552722879928815,True
looped_hierarchical,57,2,multifocal,0.9034450598117326,0.22040963678855333,2,902401,0.061552722879928815,True
looped_hierarchical,57,2,multifocal,0.9034450598117326,0.22040963678855333,3,902402,0.06155272287992881,True
looped_hierarchical,57,2,multifocal,0.9034450598117326,0.22040963678855333,4,902403,0.061552722879928815,True
looped_hierarchical,58,2,localized,0.8562366041647899,0.5505346907095969,0,902406,0.16764644379881563,True
looped_hierarchical,58,2,localized,0.8562366041647899,0.5505346907095969,1,902407,0.16764644379881563,True
looped_hierarchical,58,2,localized,0.8562366041647899,0.5505346907095969,2,902408,0.16764644379881563,True
looped_hierarchical,58,2,localized,0.8562366041647899,0.5505346907095969,3,902409,0.16764644379881563,True
looped_hierarchical,58,2,localized,0.8562366041647899,0.5505346907095969,4,902410,0.16764644379881563,True
looped_hierarchical,59,2,regional,0.7891079625154142,0.3515442469945163,0,902413,0.09843031031241757,True
looped_hierarchical,59,2,regional,0.7891079625154142,0.3515442469945163,1,902414,0.09843031031241757,True
looped_hierarchical,59,2,regional,0.7891079625154142,0.3515442469945163,2,902415,0.09843031031241757,True
looped_hierarchical,59,2,regional,0.7891079625154142,0.3515442469945163,3,902416,0.09843031031241756,True
looped_hierarchical,59,2,regional,0.7891079625154142,0.3515442469945163,4,902417,0.09843031031241757,True
grid_lattice,0,0,localized,0.045972928777221624,0.02946839467686412,0,903000,0.00592570936121189,True
grid_lattice,0,0,localized,0.045972928777221624,0.02946839467686412,1,903001,0.005925709361211888,True
grid_lattice,0,0,localized,0.045972928777221624,0.02946839467686412,2,903002,0.00592570936121189,True
grid_lattice,0,0,localized,0.045972928777221624,0.02946839467686412,3,903003,0.00592570936121189,True
grid_lattice,0,0,localized,0.045972928777221624,0.02946839467686412,4,903004,0.005925709361211885,True
grid_lattice,1,0,regional,0.10850077183780167,0.0413269432346954,0,903007,0.0028044622402224845,True
grid_lattice,1,0,regional,0.10850077183780167,0.0413269432346954,1,903008,0.0028044622402224814,True
grid_lattice,1,0,regional,0.10850077183780167,0.0413269432346954,2,903009,0.00280446224022249,True
grid_lattice,1,0,regional,0.10850077183780167,0.0413269432346954,3,903010,0.002804462240222485,True
grid_lattice,1,0,regional,0.10850077183780167,0.0413269432346954,4,903011,0.0028044622402224884,True
grid_lattice,2,0,multifocal,0.058429950859490654,0.019869591286834264,0,903014,0.000882310470645312,True
grid_lattice,2,0,multifocal,0.058429950859490654,0.019869591286834264,1,903015,0.000882310470645312,True
grid_lattice,2,0,multifocal,0.058429950859490654,0.019869591286834264,2,903016,0.000882310470645312,True
grid_lattice,2,0,multifocal,0.058429950859490654,0.019869591286834264,3,903017,0.000882310470645312,True
grid_lattice,2,0,multifocal,0.058429950859490654,0.019869591286834264,4,903018,0.000882310470645312,True
grid_lattice,3,0,localized,0.05539146801759046,0.023097120141520443,0,903021,0.0025659888757168206,True
grid_lattice,3,0,localized,0.05539146801759046,0.023097120141520443,1,903022,0.0025659888757168198,True
grid_lattice,3,0,localized,0.05539146801759046,0.023097120141520443,2,903023,0.0025659888757168163,True
grid_lattice,3,0,localized,0.05539146801759046,0.023097120141520443,3,903024,0.002565988875716818,True
grid_lattice,3,0,localized,0.05539146801759046,0.023097120141520443,4,903025,0.0025659888757168297,True
grid_lattice,4,0,regional,0.1814632892772602,0.05309196799975901,0,903028,0.003070480982137193,True
grid_lattice,4,0,regional,0.1814632892772602,0.05309196799975901,1,903029,0.003070480982137192,True
grid_lattice,4,0,regional,0.1814632892772602,0.05309196799975901,2,903030,0.0030704809821371893,True
grid_lattice,4,0,regional,0.1814632892772602,0.05309196799975901,3,903031,0.003070480982137189,True
grid_lattice,4,0,regional,0.1814632892772602,0.05309196799975901,4,903032,0.0030704809821371936,True
grid_lattice,5,0,multifocal,0.26968693308350855,0.05822901981783608,0,903035,0.007313001848407153,True
grid_lattice,5,0,multifocal,0.26968693308350855,0.05822901981783608,1,903036,0.00731300184840715,True
grid_lattice,5,0,multifocal,0.26968693308350855,0.05822901981783608,2,903037,0.007313001848407155,True
grid_lattice,5,0,multifocal,0.26968693308350855,0.05822901981783608,3,903038,0.007313001848407152,True
grid_lattice,5,0,multifocal,0.26968693308350855,0.05822901981783608,4,903039,0.00731300184840715,True
grid_lattice,6,0,localized,0.2103375331715025,0.14005438984978824,0,903042,0.03802583956973008,True
grid_lattice,6,0,localized,0.2103375331715025,0.14005438984978824,1,903043,0.03802583956973009,True
grid_lattice,6,0,localized,0.2103375331715025,0.14005438984978824,2,903044,0.03802583956973008,True
grid_lattice,6,0,localized,0.2103375331715025,0.14005438984978824,3,903045,0.03802583956973009,True
grid_lattice,6,0,localized,0.2103375331715025,0.14005438984978824,4,903046,0.03802583956973009,True
grid_lattice,7,0,regional,0.2553870731131024,0.11255948699524297,0,903049,0.019671284294332327,True
grid_lattice,7,0,regional,0.2553870731131024,0.11255948699524297,1,903050,0.019671284294332327,True
grid_lattice,7,0,regional,0.2553870731131024,0.11255948699524297,2,903051,0.01967128429433233,True
grid_lattice,7,0,regional,0.2553870731131024,0.11255948699524297,3,903052,0.019671284294332327,False
grid_lattice,7,0,regional,0.2553870731131024,0.11255948699524297,4,903053,0.019671284294332327,False
grid_lattice,8,0,multifocal,0.14580049600757666,0.02484234086860036,0,903056,0.002283132864534028,True
grid_lattice,8,0,multifocal,0.14580049600757666,0.02484234086860036,1,903057,0.0022831328645340297,True
grid_lattice,8,0,multifocal,0.14580049600757666,0.02484234086860036,2,903058,0.002283132864534032,True
grid_lattice,8,0,multifocal,0.14580049600757666,0.02484234086860036,3,903059,0.002283132864534023,False
grid_lattice,8,0,multifocal,0.14580049600757666,0.02484234086860036,4,903060,0.002283132864534031,True
grid_lattice,9,0,localized,0.13912298042578608,0.09255498418122866,0,903063,0.02344009551933223,True
grid_lattice,9,0,localized,0.13912298042578608,0.09255498418122866,1,903064,0.02344009551933223,False
grid_lattice,9,0,localized,0.13912298042578608,0.09255498418122866,2,903065,0.02344009551933223,True
grid_lattice,9,0,localized,0.13912298042578608,0.09255498418122866,3,903066,0.02344009551933223,True
grid_lattice,9,0,localized,0.13912298042578608,0.09255498418122866,4,903067,0.023440095519332235,True
grid_lattice,10,0,regional,0.04523928081336255,0.013380176886697043,0,903070,0.0005934535849427451,True
grid_lattice,10,0,regional,0.04523928081336255,0.013380176886697043,1,903071,0.0005934535849427517,True
grid_lattice,10,0,regional,0.04523928081336255,0.013380176886697043,2,903072,0.00059345358494275,True
grid_lattice,10,0,regional,0.04523928081336255,0.013380176886697043,3,903073,0.0005934535849427471,True
grid_lattice,10,0,regional,0.04523928081336255,0.013380176886697043,4,903074,0.0005934535849427454,True
grid_lattice,11,0,multifocal,0.016727153004898465,0.0040216079601165,0,903077,4.95260240874538e-05,True
grid_lattice,11,0,multifocal,0.016727153004898465,0.0040216079601165,1,903078,4.9526024087450384e-05,True
grid_lattice,11,0,multifocal,0.016727153004898465,0.0040216079601165,2,903079,4.9526024087450974e-05,True
grid_lattice,11,0,multifocal,0.016727153004898465,0.0040216079601165,3,903080,4.9526024087453034e-05,True
grid_lattice,11,0,multifocal,0.016727153004898465,0.0040216079601165,4,903081,4.952602408745498e-05,True
grid_lattice,12,0,localized,0.1029516055873499,0.049469351128214815,0,903084,0.0050897304428214555,True
grid_lattice,12,0,localized,0.1029516055873499,0.049469351128214815,1,903085,0.005089730442821463,True
grid_lattice,12,0,localized,0.1029516055873499,0.049469351128214815,2,903086,0.005089730442821453,True
grid_lattice,12,0,localized,0.1029516055873499,0.049469351128214815,3,903087,0.005089730442821458,True
grid_lattice,12,0,localized,0.1029516055873499,0.049469351128214815,4,903088,0.005089730442821461,True
grid_lattice,13,0,regional,0.039594459860386524,0.01199461591236745,0,903091,0.0014601262080689704,True
grid_lattice,13,0,regional,0.039594459860386524,0.01199461591236745,1,903092,0.0014601262080689704,True
grid_lattice,13,0,regional,0.039594459860386524,0.01199461591236745,2,903093,0.0014601262080689704,True
grid_lattice,13,0,regional,0.039594459860386524,0.01199461591236745,3,903094,0.0014601262080689704,True
grid_lattice,13,0,regional,0.039594459860386524,0.01199461591236745,4,903095,0.0014601262080689704,True
grid_lattice,14,0,multifocal,0.04870051952975766,0.01199177066776276,0,903098,0.002905503203939149,True
grid_lattice,14,0,multifocal,0.04870051952975766,0.01199177066776276,1,903099,0.002905503203939146,True
grid_lattice,14,0,multifocal,0.04870051952975766,0.01199177066776276,2,903100,0.0029055032039391497,True
grid_lattice,14,0,multifocal,0.04870051952975766,0.01199177066776276,3,903101,0.002905503203939146,True
grid_lattice,14,0,multifocal,0.04870051952975766,0.01199177066776276,4,903102,0.002905503203939148,True
grid_lattice,15,0,localized,0.19664863716852157,0.1236060960415139,0,903105,0.027119415784707914,True
grid_lattice,15,0,localized,0.19664863716852157,0.1236060960415139,1,903106,0.02711941578470792,True
grid_lattice,15,0,localized,0.19664863716852157,0.1236060960415139,2,903107,0.02711941578470791,False
grid_lattice,15,0,localized,0.19664863716852157,0.1236060960415139,3,903108,0.027119415784707914,True
grid_lattice,15,0,localized,0.19664863716852157,0.1236060960415139,4,903109,0.027119415784707918,True
grid_lattice,16,0,regional,0.07696970596471797,0.030250070263128044,0,903112,0.0017193692576254697,True
grid_lattice,16,0,regional,0.07696970596471797,0.030250070263128044,1,903113,0.0017193692576254744,True
grid_lattice,16,0,regional,0.07696970596471797,0.030250070263128044,2,903114,0.0017193692576254777,True
grid_lattice,16,0,regional,0.07696970596471797,0.030250070263128044,3,903115,0.0017193692576254803,True
grid_lattice,16,0,regional,0.07696970596471797,0.030250070263128044,4,903116,0.0017193692576254744,True
grid_lattice,17,0,multifocal,0.16864560245747062,0.03841696227287587,0,903119,0.0033493545534749557,True
grid_lattice,17,0,multifocal,0.16864560245747062,0.03841696227287587,1,903120,0.003349354553474949,True
grid_lattice,17,0,multifocal,0.16864560245747062,0.03841696227287587,2,903121,0.0033493545534749557,True
grid_lattice,17,0,multifocal,0.16864560245747062,0.03841696227287587,3,903122,0.0033493545534749513,True
grid_lattice,17,0,multifocal,0.16864560245747062,0.03841696227287587,4,903123,0.0033493545534749483,True
grid_lattice,18,0,localized,0.3231381854506068,0.13189089473681714,0,903126,0.02797335408894419,True
grid_lattice,18,0,localized,0.3231381854506068,0.13189089473681714,1,903127,0.02797335408894419,True
grid_lattice,18,0,localized,0.3231381854506068,0.13189089473681714,2,903128,0.027973354088944195,True
grid_lattice,18,0,localized,0.3231381854506068,0.13189089473681714,3,903129,0.027973354088944195,False
grid_lattice,18,0,localized,0.3231381854506068,0.13189089473681714,4,903130,0.027973354088944195,True
grid_lattice,19,0,regional,0.020088188846937933,0.010299898455714345,0,903133,0.0019002262793362847,True
grid_lattice,19,0,regional,0.020088188846937933,0.010299898455714345,1,903134,0.0019002262793362847,True
grid_lattice,19,0,regional,0.020088188846937933,0.010299898455714345,2,903135,0.0019002262793362842,True
grid_lattice,19,0,regional,0.020088188846937933,0.010299898455714345,3,903136,0.0019002262793362847,True
grid_lattice,19,0,regional,0.020088188846937933,0.010299898455714345,4,903137,0.0019002262793362847,True
grid_lattice,20,1,localized,0.631443979014218,0.37364870357594376,0,903140,0.11411873560090154,True
grid_lattice,20,1,localized,0.631443979014218,0.37364870357594376,1,903141,0.11411873560090154,True
grid_lattice,20,1,localized,0.631443979014218,0.37364870357594376,2,903142,0.11411873560090154,True
grid_lattice,20,1,localized,0.631443979014218,0.37364870357594376,3,903143,0.11411873560090154,True
grid_lattice,20,1,localized,0.631443979014218,0.37364870357594376,4,903144,0.11411873560090154,True
grid_lattice,21,1,regional,0.38210699400285486,0.10901014249807349,0,903147,0.017802789128947925,True
grid_lattice,21,1,regional,0.38210699400285486,0.10901014249807349,1,903148,0.017802789128947925,True
grid_lattice,21,1,regional,0.38210699400285486,0.10901014249807349,2,903149,0.017802789128947928,True
grid_lattice,21,1,regional,0.38210699400285486,0.10901014249807349,3,903150,0.017802789128947918,True
grid_lattice,21,1,regional,0.38210699400285486,0.10901014249807349,4,903151,0.017802789128947918,True
grid_lattice,22,1,multifocal,0.41780497424074536,0.08080862695538531,0,903154,0.014210097074916135,True
grid_lattice,22,1,multifocal,0.41780497424074536,0.08080862695538531,1,903155,0.014210097074916139,True
grid_lattice,22,1,multifocal,0.41780497424074536,0.08080862695538531,2,903156,0.014210097074916137,True
grid_lattice,22,1,multifocal,0.41780497424074536,0.08080862695538531,3,903157,0.014210097074916139,True
grid_lattice,22,1,multifocal,0.41780497424074536,0.08080862695538531,4,903158,0.014210097074916135,True
grid_lattice,23,1,localized,0.5236590882972818,0.30748957517885905,0,903161,0.08391683183133304,True
grid_lattice,23,1,localized,0.5236590882972818,0.30748957517885905,1,903162,0.08391683183133304,True
grid_lattice,23,1,localized,0.5236590882972818,0.30748957517885905,2,903163,0.08391683183133304,True
grid_lattice,23,1,localized,0.5236590882972818,0.30748957517885905,3,903164,0.08391683183133304,True
grid_lattice,23,1,localized,0.5236590882972818,0.30748957517885905,4,903165,0.08391683183133304,True
grid_lattice,24,1,regional,0.5483173065930957,0.25419258198373923,0,903168,0.06140373092801583,True
grid_lattice,24,1,regional,0.5483173065930957,0.25419258198373923,1,903169,0.06140373092801583,True
grid_lattice,24,1,regional,0.5483173065930957,0.25419258198373923,2,903170,0.06140373092801583,True
grid_lattice,24,1,regional,0.5483173065930957,0.25419258198373923,3,903171,0.06140373092801583,True
grid_lattice,24,1,regional,0.5483173065930957,0.25419258198373923,4,903172,0.06140373092801583,True
grid_lattice,25,1,multifocal,0.543568220993023,0.12419773388164945,0,903175,0.025591227756542812,True
grid_lattice,25,1,multifocal,0.543568220993023,0.12419773388164945,1,903176,0.025591227756542812,True
grid_lattice,25,1,multifocal,0.543568220993023,0.12419773388164945,2,903177,0.025591227756542812,True
grid_lattice,25,1,multifocal,0.543568220993023,0.12419773388164945,3,903178,0.025591227756542802,True
grid_lattice,25,1,multifocal,0.543568220993023,0.12419773388164945,4,903179,0.025591227756542812,True
grid_lattice,26,1,localized,0.535373586666482,0.30620890180467214,0,903182,0.09256016111829332,True
grid_lattice,26,1,localized,0.535373586666482,0.30620890180467214,1,903183,0.09256016111829332,True
grid_lattice,26,1,localized,0.535373586666482,0.30620890180467214,2,903184,0.09256016111829334,True
grid_lattice,26,1,localized,0.535373586666482,0.30620890180467214,3,903185,0.09256016111829332,True
grid_lattice,26,1,localized,0.535373586666482,0.30620890180467214,4,903186,0.09256016111829332,True
grid_lattice,27,1,regional,0.6378254248138255,0.24620771683159576,0,903189,0.0636783041433669,True
grid_lattice,27,1,regional,0.6378254248138255,0.24620771683159576,1,903190,0.0636783041433669,True
grid_lattice,27,1,regional,0.6378254248138255,0.24620771683159576,2,903191,0.0636783041433669,True
grid_lattice,27,1,regional,0.6378254248138255,0.24620771683159576,3,903192,0.0636783041433669,True
grid_lattice,27,1,regional,0.6378254248138255,0.24620771683159576,4,903193,0.0636783041433669,True
grid_lattice,28,1,multifocal,0.5546419530364141,0.12511872372272692,0,903196,0.028409222877682317,True
grid_lattice,28,1,multifocal,0.5546419530364141,0.12511872372272692,1,903197,0.02840922287768231,True
grid_lattice,28,1,multifocal,0.5546419530364141,0.12511872372272692,2,903198,0.028409222877682314,True
grid_lattice,28,1,multifocal,0.5546419530364141,0.12511872372272692,3,903199,0.02840922287768231,True
grid_lattice,28,1,multifocal,0.5546419530364141,0.12511872372272692,4,903200,0.02840922287768231,True
grid_lattice,29,1,localized,0.4751592274424806,0.25899339688497536,0,903203,0.0765770196370305,True
grid_lattice,29,1,localized,0.4751592274424806,0.25899339688497536,1,903204,0.0765770196370305,True
grid_lattice,29,1,localized,0.4751592274424806,0.25899339688497536,2,903205,0.0765770196370305,True
grid_lattice,29,1,localized,0.4751592274424806,0.25899339688497536,3,903206,0.0765770196370305,True
grid_lattice,29,1,localized,0.4751592274424806,0.25899339688497536,4,903207,0.0765770196370305,True
grid_lattice,30,1,regional,0.5080190920560546,0.21237072715993413,0,903210,0.046474122401444634,True
grid_lattice,30,1,regional,0.5080190920560546,0.21237072715993413,1,903211,0.046474122401444634,True
grid_lattice,30,1,regional,0.5080190920560546,0.21237072715993413,2,903212,0.046474122401444634,True
grid_lattice,30,1,regional,0.5080190920560546,0.21237072715993413,3,903213,0.046474122401444634,True
grid_lattice,30,1,regional,0.5080190920560546,0.21237072715993413,4,903214,0.046474122401444634,True
grid_lattice,31,1,multifocal,0.6302432344118136,0.1554883460553212,0,903217,0.03568320455707604,True
grid_lattice,31,1,multifocal,0.6302432344118136,0.1554883460553212,1,903218,0.03568320455707604,True
grid_lattice,31,1,multifocal,0.6302432344118136,0.1554883460553212,2,903219,0.03568320455707604,True
grid_lattice,31,1,multifocal,0.6302432344118136,0.1554883460553212,3,903220,0.03568320455707604,True
grid_lattice,31,1,multifocal,0.6302432344118136,0.1554883460553212,4,903221,0.03568320455707604,True
grid_lattice,32,1,localized,0.6096597408683868,0.3287017474481804,0,903224,0.08654855754889747,True
grid_lattice,32,1,localized,0.6096597408683868,0.3287017474481804,1,903225,0.08654855754889747,True
grid_lattice,32,1,localized,0.6096597408683868,0.3287017474481804,2,903226,0.08654855754889747,True
grid_lattice,32,1,localized,0.6096597408683868,0.3287017474481804,3,903227,0.08654855754889747,True
grid_lattice,32,1,localized,0.6096597408683868,0.3287017474481804,4,903228,0.08654855754889747,True
grid_lattice,33,1,regional,0.4214990300597783,0.16075773340325522,0,903231,0.03661246851549877,False
grid_lattice,33,1,regional,0.4214990300597783,0.16075773340325522,1,903232,0.03661246851549877,False
grid_lattice,33,1,regional,0.4214990300597783,0.16075773340325522,2,903233,0.03661246851549878,True
grid_lattice,33,1,regional,0.4214990300597783,0.16075773340325522,3,903234,0.03661246851549878,True
grid_lattice,33,1,regional,0.4214990300597783,0.16075773340325522,4,903235,0.03661246851549878,True
grid_lattice,34,1,multifocal,0.41348535827311317,0.13756846968897715,0,903238,0.037867189592376026,True
grid_lattice,34,1,multifocal,0.41348535827311317,0.13756846968897715,1,903239,0.037867189592376026,True
grid_lattice,34,1,multifocal,0.41348535827311317,0.13756846968897715,2,903240,0.037867189592376026,True
grid_lattice,34,1,multifocal,0.41348535827311317,0.13756846968897715,3,903241,0.03786718959237603,True
grid_lattice,34,1,multifocal,0.41348535827311317,0.13756846968897715,4,903242,0.037867189592376026,False
grid_lattice,35,1,localized,0.34873427905957066,0.1880366149564209,0,903245,0.05180811614614751,True
grid_lattice,35,1,localized,0.34873427905957066,0.1880366149564209,1,903246,0.051808116146147505,True
grid_lattice,35,1,localized,0.34873427905957066,0.1880366149564209,2,903247,0.051808116146147505,True
grid_lattice,35,1,localized,0.34873427905957066,0.1880366149564209,3,903248,0.051808116146147505,True
grid_lattice,35,1,localized,0.34873427905957066,0.1880366149564209,4,903249,0.051808116146147505,True
grid_lattice,36,1,regional,0.6139524332569114,0.20828294415401302,0,903252,0.05044321353547668,True
grid_lattice,36,1,regional,0.6139524332569114,0.20828294415401302,1,903253,0.05044321353547668,True
grid_lattice,36,1,regional,0.6139524332569114,0.20828294415401302,2,903254,0.05044321353547668,True
grid_lattice,36,1,regional,0.6139524332569114,0.20828294415401302,3,903255,0.05044321353547668,True
grid_lattice,36,1,regional,0.6139524332569114,0.20828294415401302,4,903256,0.05044321353547668,True
grid_lattice,37,1,multifocal,0.5513320934575858,0.18613571819917585,0,903259,0.04045181682861144,True
grid_lattice,37,1,multifocal,0.5513320934575858,0.18613571819917585,1,903260,0.04045181682861144,True
grid_lattice,37,1,multifocal,0.5513320934575858,0.18613571819917585,2,903261,0.04045181682861144,True
grid_lattice,37,1,multifocal,0.5513320934575858,0.18613571819917585,3,903262,0.04045181682861144,True
grid_lattice,37,1,multifocal,0.5513320934575858,0.18613571819917585,4,903263,0.04045181682861144,True
grid_lattice,38,1,localized,0.6157778315425091,0.25702584141901913,0,903266,0.07007002497996488,True
grid_lattice,38,1,localized,0.6157778315425091,0.25702584141901913,1,903267,0.07007002497996488,True
grid_lattice,38,1,localized,0.6157778315425091,0.25702584141901913,2,903268,0.07007002497996488,True
grid_lattice,38,1,localized,0.6157778315425091,0.25702584141901913,3,903269,0.07007002497996488,True
grid_lattice,38,1,localized,0.6157778315425091,0.25702584141901913,4,903270,0.07007002497996488,True
grid_lattice,39,1,regional,0.4301477042486558,0.15545389906224938,0,903273,0.0339638285240776,True
grid_lattice,39,1,regional,0.4301477042486558,0.15545389906224938,1,903274,0.0339638285240776,True
grid_lattice,39,1,regional,0.4301477042486558,0.15545389906224938,2,903275,0.03396382852407761,True
grid_lattice,39,1,regional,0.4301477042486558,0.15545389906224938,3,903276,0.0339638285240776,True
grid_lattice,39,1,regional,0.4301477042486558,0.15545389906224938,4,903277,0.03396382852407761,True
grid_lattice,40,2,localized,0.707014370557706,0.4413428835053598,0,903280,0.1384293035567386,True
grid_lattice,40,2,localized,0.707014370557706,0.4413428835053598,1,903281,0.1384293035567386,True
grid_lattice,40,2,localized,0.707014370557706,0.4413428835053598,2,903282,0.1384293035567386,True
grid_lattice,40,2,localized,0.707014370557706,0.4413428835053598,3,903283,0.1384293035567386,True
grid_lattice,40,2,localized,0.707014370557706,0.4413428835053598,4,903284,0.1384293035567386,True
grid_lattice,41,2,regional,0.7912840404889079,0.27632062061324913,0,903287,0.07134331197385574,True
grid_lattice,41,2,regional,0.7912840404889079,0.27632062061324913,1,903288,0.07134331197385574,True
grid_lattice,41,2,regional,0.7912840404889079,0.27632062061324913,2,903289,0.07134331197385574,True
grid_lattice,41,2,regional,0.7912840404889079,0.27632062061324913,3,903290,0.07134331197385574,True
grid_lattice,41,2,regional,0.7912840404889079,0.27632062061324913,4,903291,0.07134331197385574,True
grid_lattice,42,2,multifocal,0.7541664192320813,0.1679229996479092,0,903294,0.04199252088214452,True
grid_lattice,42,2,multifocal,0.7541664192320813,0.1679229996479092,1,903295,0.04199252088214452,True
grid_lattice,42,2,multifocal,0.7541664192320813,0.1679229996479092,2,903296,0.04199252088214452,True
grid_lattice,42,2,multifocal,0.7541664192320813,0.1679229996479092,3,903297,0.04199252088214452,True
grid_lattice,42,2,multifocal,0.7541664192320813,0.1679229996479092,4,903298,0.04199252088214452,True
grid_lattice,43,2,localized,0.7939114710542189,0.38674478481204294,0,903301,0.10490208787534555,True
grid_lattice,43,2,localized,0.7939114710542189,0.38674478481204294,1,903302,0.10490208787534555,True
grid_lattice,43,2,localized,0.7939114710542189,0.38674478481204294,2,903303,0.10490208787534555,True
grid_lattice,43,2,localized,0.7939114710542189,0.38674478481204294,3,903304,0.10490208787534555,True
grid_lattice,43,2,localized,0.7939114710542189,0.38674478481204294,4,903305,0.10490208787534555,True
grid_lattice,44,2,regional,0.9935061783056668,0.42342374208275735,0,903308,0.11842881907336028,True
grid_lattice,44,2,regional,0.9935061783056668,0.42342374208275735,1,903309,0.11842881907336028,True
grid_lattice,44,2,regional,0.9935061783056668,0.42342374208275735,2,903310,0.11842881907336028,True
grid_lattice,44,2,regional,0.9935061783056668,0.42342374208275735,3,903311,0.11842881907336028,True
grid_lattice,44,2,regional,0.9935061783056668,0.42342374208275735,4,903312,0.11842881907336028,True
grid_lattice,45,2,multifocal,0.759083740046051,0.1711867631039539,0,903315,0.04240945264755753,True
grid_lattice,45,2,multifocal,0.759083740046051,0.1711867631039539,1,903316,0.04240945264755753,True
grid_lattice,45,2,multifocal,0.759083740046051,0.1711867631039539,2,903317,0.04240945264755753,True
grid_lattice,45,2,multifocal,0.759083740046051,0.1711867631039539,3,903318,0.04240945264755753,True
grid_lattice,45,2,multifocal,0.759083740046051,0.1711867631039539,4,903319,0.04240945264755753,True
grid_lattice,46,2,localized,0.957598573322483,0.6183334115386643,0,903322,0.1871937351340709,True
grid_lattice,46,2,localized,0.957598573322483,0.6183334115386643,1,903323,0.1871937351340709,True
grid_lattice,46,2,localized,0.957598573322483,0.6183334115386643,2,903324,0.1871937351340709,True
grid_lattice,46,2,localized,0.957598573322483,0.6183334115386643,3,903325,0.1871937351340709,True
grid_lattice,46,2,localized,0.957598573322483,0.6183334115386643,4,903326,0.1871937351340709,True
grid_lattice,47,2,regional,0.7001223183161978,0.17341041923204237,0,903329,0.038173382076794445,True
grid_lattice,47,2,regional,0.7001223183161978,0.17341041923204237,1,903330,0.038173382076794445,True
grid_lattice,47,2,regional,0.7001223183161978,0.17341041923204237,2,903331,0.038173382076794445,True
grid_lattice,47,2,regional,0.7001223183161978,0.17341041923204237,3,903332,0.038173382076794445,True
grid_lattice,47,2,regional,0.7001223183161978,0.17341041923204237,4,903333,0.038173382076794445,True
grid_lattice,48,2,multifocal,0.931063337661691,0.24516616229647772,0,903336,0.07094581775379252,True
grid_lattice,48,2,multifocal,0.931063337661691,0.24516616229647772,1,903337,0.07094581775379251,False
grid_lattice,48,2,multifocal,0.931063337661691,0.24516616229647772,2,903338,0.07094581775379251,True
grid_lattice,48,2,multifocal,0.931063337661691,0.24516616229647772,3,903339,0.07094581775379252,True
grid_lattice,48,2,multifocal,0.931063337661691,0.24516616229647772,4,903340,0.07094581775379252,True
grid_lattice,49,2,localized,0.8475367541341985,0.45017606468940635,0,903343,0.1417248115458035,True
grid_lattice,49,2,localized,0.8475367541341985,0.45017606468940635,1,903344,0.14172481154580346,True
grid_lattice,49,2,localized,0.8475367541341985,0.45017606468940635,2,903345,0.14172481154580346,True
grid_lattice,49,2,localized,0.8475367541341985,0.45017606468940635,3,903346,0.14172481154580346,True
grid_lattice,49,2,localized,0.8475367541341985,0.45017606468940635,4,903347,0.14172481154580346,True
grid_lattice,50,2,regional,0.9159229556807511,0.33946894379274545,0,903350,0.09312241085675287,True
grid_lattice,50,2,regional,0.9159229556807511,0.33946894379274545,1,903351,0.09312241085675287,True
grid_lattice,50,2,regional,0.9159229556807511,0.33946894379274545,2,903352,0.09312241085675287,True
grid_lattice,50,2,regional,0.9159229556807511,0.33946894379274545,3,903353,0.09312241085675287,True
grid_lattice,50,2,regional,0.9159229556807511,0.33946894379274545,4,903354,0.09312241085675287,True
grid_lattice,51,2,multifocal,0.9857575352811845,0.3480540986548957,0,903357,0.09532669796513416,True
grid_lattice,51,2,multifocal,0.9857575352811845,0.3480540986548957,1,903358,0.09532669796513416,True
grid_lattice,51,2,multifocal,0.9857575352811845,0.3480540986548957,2,903359,0.09532669796513416,True
grid_lattice,51,2,multifocal,0.9857575352811845,0.3480540986548957,3,903360,0.09532669796513416,True
grid_lattice,51,2,multifocal,0.9857575352811845,0.3480540986548957,4,903361,0.09532669796513416,True
grid_lattice,52,2,localized,0.903460631342623,0.5478474721650759,0,903364,0.17683988520705624,True
grid_lattice,52,2,localized,0.903460631342623,0.5478474721650759,1,903365,0.17683988520705624,True
grid_lattice,52,2,localized,0.903460631342623,0.5478474721650759,2,903366,0.17683988520705624,True
grid_lattice,52,2,localized,0.903460631342623,0.5478474721650759,3,903367,0.17683988520705624,True
grid_lattice,52,2,localized,0.903460631342623,0.5478474721650759,4,903368,0.17683988520705624,True
grid_lattice,53,2,regional,0.7998172326267052,0.2823580790362054,0,903371,0.07384248160795466,True
grid_lattice,53,2,regional,0.7998172326267052,0.2823580790362054,1,903372,0.07384248160795466,True
grid_lattice,53,2,regional,0.7998172326267052,0.2823580790362054,2,903373,0.07384248160795466,True
grid_lattice,53,2,regional,0.7998172326267052,0.2823580790362054,3,903374,0.07384248160795466,True
grid_lattice,53,2,regional,0.7998172326267052,0.2823580790362054,4,903375,0.07384248160795466,True
grid_lattice,54,2,multifocal,0.8447195857436882,0.18139800845849913,0,903378,0.042341090763145475,True
grid_lattice,54,2,multifocal,0.8447195857436882,0.18139800845849913,1,903379,0.042341090763145475,True
grid_lattice,54,2,multifocal,0.8447195857436882,0.18139800845849913,2,903380,0.042341090763145475,True
grid_lattice,54,2,multifocal,0.8447195857436882,0.18139800845849913,3,903381,0.042341090763145475,True
grid_lattice,54,2,multifocal,0.8447195857436882,0.18139800845849913,4,903382,0.042341090763145475,True
grid_lattice,55,2,localized,0.7704946820231672,0.47892439170024065,0,903385,0.15160247354719575,True
grid_lattice,55,2,localized,0.7704946820231672,0.47892439170024065,1,903386,0.15160247354719575,True
grid_lattice,55,2,localized,0.7704946820231672,0.47892439170024065,2,903387,0.15160247354719575,True
grid_lattice,55,2,localized,0.7704946820231672,0.47892439170024065,3,903388,0.15160247354719575,True
grid_lattice,55,2,localized,0.7704946820231672,0.47892439170024065,4,903389,0.15160247354719575,True
grid_lattice,56,2,regional,0.804795314920312,0.27215258253186664,0,903392,0.0699476371949558,True
grid_lattice,56,2,regional,0.804795314920312,0.27215258253186664,1,903393,0.0699476371949558,True
grid_lattice,56,2,regional,0.804795314920312,0.27215258253186664,2,903394,0.0699476371949558,True
grid_lattice,56,2,regional,0.804795314920312,0.27215258253186664,3,903395,0.0699476371949558,True
grid_lattice,56,2,regional,0.804795314920312,0.27215258253186664,4,903396,0.0699476371949558,True
grid_lattice,57,2,multifocal,0.9034450598117326,0.22040963678855333,0,903399,0.06854711779468682,True
grid_lattice,57,2,multifocal,0.9034450598117326,0.22040963678855333,1,903400,0.06854711779468682,True
grid_lattice,57,2,multifocal,0.9034450598117326,0.22040963678855333,2,903401,0.06854711779468682,True
grid_lattice,57,2,multifocal,0.9034450598117326,0.22040963678855333,3,903402,0.06854711779468682,True
grid_lattice,57,2,multifocal,0.9034450598117326,0.22040963678855333,4,903403,0.06854711779468683,True
grid_lattice,58,2,localized,0.8562366041647899,0.5505346907095969,0,903406,0.1629748754792981,True
grid_lattice,58,2,localized,0.8562366041647899,0.5505346907095969,1,903407,0.1629748754792981,True
grid_lattice,58,2,localized,0.8562366041647899,0.5505346907095969,2,903408,0.1629748754792981,True
grid_lattice,58,2,localized,0.8562366041647899,0.5505346907095969,3,903409,0.1629748754792981,True
grid_lattice,58,2,localized,0.8562366041647899,0.5505346907095969,4,903410,0.1629748754792981,True
grid_lattice,59,2,regional,0.7891079625154142,0.3515442469945163,0,903413,0.09835915774442501,True
grid_lattice,59,2,regional,0.7891079625154142,0.3515442469945163,1,903414,0.09835915774442501,True
grid_lattice,59,2,regional,0.7891079625154142,0.3515442469945163,2,903415,0.09835915774442501,True
grid_lattice,59,2,regional,0.7891079625154142,0.3515442469945163,3,903416,0.09835915774442501,True
grid_lattice,59,2,regional,0.7891079625154142,0.3515442469945163,4,903417,0.09835915774442501,True
