family,beta_label,beta_value,direction_id,pattern_family,rho,s,best_error,I_001
symmetric_tree,low,0.22314355131420976,0,localized,0.0,0.0,2.1942709178604383e-17,1
symmetric_tree,low,0.22314355131420976,0,localized,0.1,0.07081063127933944,0.0191873728523914,0
symmetric_tree,low,0.22314355131420976,0,localized,0.2,0.14162126255867888,0.04288966235062045,0
symmetric_tree,low,0.22314355131420976,0,localized,0.3,0.21243189383801833,0.06730840558696093,0
symmetric_tree,low,0.22314355131420976,0,localized,0.4,0.28324252511735776,0.09204924653871781,0
symmetric_tree,low,0.22314355131420976,0,localized,0.5,0.3540531563966972,0.11691553570666784,0
symmetric_tree,low,0.22314355131420976,0,localized,0.6,0.42486378767603666,0.14184131121204863,0
symmetric_tree,low,0.22314355131420976,0,localized,0.7,0.49567441895537606,0.16679990713029177,0
symmetric_tree,low,0.22314355131420976,0,localized,0.8,0.5664850502347155,0.19177850986630215,0
symmetric_tree,low,0.22314355131420976,0,localized,0.9,0.637295681514055,0.21677020332589395,0
symmetric_tree,low,0.22314355131420976,1,regional,0.0,0.0,2.1942709178604383e-17,1
symmetric_tree,low,0.22314355131420976,1,regional,0.1,0.029949605301094792,0.003839524992465791,1
symmetric_tree,low,0.22314355131420976,1,regional,0.2,0.059899210602189584,0.010625892845593735,0
symmetric_tree,low,0.22314355131420976,1,regional,0.3,0.08984881590328436,0.020354845097410985,0
symmetric_tree,low,0.22314355131420976,1,regional,0.4,0.11979842120437917,0.03043622209016324,0
symmetric_tree,low,0.22314355131420976,1,regional,0.5,0.14974802650547395,0.04069410782435146,0
symmetric_tree,low,0.22314355131420976,1,regional,0.6,0.17969763180656873,0.05108719920431131,0
symmetric_tree,low,0.22314355131420976,1,regional,0.7,0.2096472371076635,0.061547040122859435,0
symmetric_tree,low,0.22314355131420976,1,regional,0.8,0.23959684240875834,0.0720445632067514,0
symmetric_tree,low,0.22314355131420976,1,regional,0.9,0.2695464477098531,0.08256539675821321,0
symmetric_tree,low,0.22314355131420976,2,multifocal,0.0,0.0,2.1942709178604383e-17,1
symmetric_tree,low,0.22314355131420976,2,multifocal,0.1,0.022088888408197376,0.0035357431637391217,1
symmetric_tree,low,0.22314355131420976,2,multifocal,0.2,0.04417777681639475,0.008480475931718147,1
symmetric_tree,low,0.22314355131420976,2,multifocal,0.3,0.06626666522459213,0.015319892494798206,0
symmetric_tree,low,0.22314355131420976,2,multifocal,0.4,0.0883555536327895,0.0226307163473845,0
symmetric_tree,low,0.22314355131420976,2,multifocal,0.5,0.11044444204098687,0.030072610287486236,0
symmetric_tree,low,0.22314355131420976,2,multifocal,0.6,0.13253333044918425,0.03762823215167697,0
symmetric_tree,low,0.22314355131420976,2,multifocal,0.7,0.15462221885738162,0.045270139915792366,0
symmetric_tree,low,0.22314355131420976,2,multifocal,0.8,0.176711107265579,0.052960995354201845,0
symmetric_tree,low,0.22314355131420976,2,multifocal,0.9,0.19879999567377638,0.060682190448249386,0
symmetric_tree,low,0.22314355131420976,3,localized,0.0,0.0,2.1942709178604383e-17,1
symmetric_tree,low,0.22314355131420976,3,localized,0.1,0.06006605372256168,0.016396645072409677,0
symmetric_tree,low,0.22314355131420976,3,localized,0.2,0.12013210744512336,0.036408810543285826,0
symmetric_tree,low,0.22314355131420976,3,localized,0.3,0.18019816116768503,0.057112755117746355,0
symmetric_tree,low,0.22314355131420976,3,localized,0.4,0.2402642148902467,0.07808747183172565,0
symmetric_tree,low,0.22314355131420976,3,localized,0.5,0.30033026861280837,0.0991662745037053,0
symmetric_tree,low,0.22314355131420976,3,localized,0.6,0.36039632233537006,0.12029445965114408,0
symmetric_tree,low,0.22314355131420976,3,localized,0.7,0.4204623760579317,0.14144990041891164,0
symmetric_tree,low,0.22314355131420976,3,localized,0.8,0.4805284297804934,0.16262317605551005,0
symmetric_tree,low,0.22314355131420976,3,localized,0.9,0.5405944835030551,0.18381091001508781,0
symmetric_tree,low,0.22314355131420976,4,regional,0.0,0.0,2.1942709178604383e-17,1
symmetric_tree,low,0.22314355131420976,4,regional,0.1,0.029234277347532773,0.002269782760125382,1
symmetric_tree,low,0.22314355131420976,4,regional,0.2,0.058468554695065546,0.010148710804537515,0
symmetric_tree,low,0.22314355131420976,4,regional,0.3,0.08770283204259831,0.019041253051644415,0
symmetric_tree,low,0.22314355131420976,4,regional,0.4,0.11693710939013109,0.02872943066742022,0
symmetric_tree,low,0.22314355131420976,4,regional,0.5,0.14617138673766386,0.038684309176738846,0
symmetric_tree,low,0.22314355131420976,4,regional,0.6,0.17540566408519662,0.04877725961870748,0
symmetric_tree,low,0.22314355131420976,4,regional,0.7,0.2046399414327294,0.05895444918195894,0
symmetric_tree,low,0.22314355131420976,4,regional,0.8,0.23387421878026218,0.06917870946898103,0
symmetric_tree,low,0.22314355131420976,4,regional,0.9,0.26310849612779497,0.07943186610074893,0
symmetric_tree,low,0.22314355131420976,5,multifocal,0.0,0.0,2.1942709178604383e-17,1
symmetric_tree,low,0.22314355131420976,5,multifocal,0.1,0.022755109649683164,0.00281782234898905,1
symmetric_tree,low,0.22314355131420976,5,multifocal,0.2,0.04551021929936633,0.006797768599252739,1
symmetric_tree,low,0.22314355131420976,5,multifocal,0.3,0.06826532894904949,0.013991000826818333,0
symmetric_tree,low,0.22314355131420976,5,multifocal,0.4,0.09102043859873266,0.021686666205026822,0
symmetric_tree,low,0.22314355131420976,5,multifocal,0.5,0.11377554824841582,0.02952183485085548,0
symmetric_tree,low,0.22314355131420976,5,multifocal,0.6,0.13653065789809898,0.037422245931152,0
symmetric_tree,low,0.22314355131420976,5,multifocal,0.7,0.15928576754778215,0.045353817521787125,0
symmetric_tree,low,0.22314355131420976,5,multifocal,0.8,0.1820408771974653,0.05330264114248946,0
symmetric_tree,low,0.22314355131420976,5,multifocal,0.9,0.20479598684714848,0.06126200174192776,0
symmetric_tree,low,0.22314355131420976,6,localized,0.0,0.0,2.1942709178604383e-17,1
symmetric_tree,low,0.22314355131420976,6,localized,0.1,0.04419295753759697,0.010312845286651101,0
symmetric_tree,low,0.22314355131420976,6,localized,0.2,0.08838591507519394,0.024781939101286746,0
symmetric_tree,low,0.22314355131420976,6,localized,0.3,0.1325788726127909,0.039852537575488865,0
symmetric_tree,low,0.22314355131420976,6,localized,0.4,0.1767718301503879,0.05521193910646419,0
symmetric_tree,low,0.22314355131420976,6,localized,0.5,0.22096478768798483,0.07068339360550967,0
symmetric_tree,low,0.22314355131420976,6,localized,0.6,0.2651577452255818,0.08620659189581875,0
symmetric_tree,low,0.22314355131420976,6,localized,0.7,0.3093507027631787,0.10175785612913836,0
symmetric_tree,low,0.22314355131420976,6,localized,0.8,0.3535436603007758,0.11732602662968669,0
symmetric_tree,low,0.22314355131420976,6,localized,0.9,0.3977366178383727,0.13290516245965323,0
symmetric_tree,low,0.22314355131420976,7,regional,0.0,0.0,2.1942709178604383e-17,1
symmetric_tree,low,0.22314355131420976,7,regional,0.1,0.03868304327223146,0.005121461736025251,1
symmetric_tree,low,0.22314355131420976,7,regional,0.2,0.07736608654446292,0.01696187962217752,0
symmetric_tree,low,0.22314355131420976,7,regional,0.3,0.11604912981669435,0.02996653451165636,0
symmetric_tree,low,0.22314355131420976,7,regional,0.4,0.15473217308892584,0.04321199153645722,0
symmetric_tree,low,0.22314355131420976,7,regional,0.5,0.19341521636115727,0.05662839853240649,0
symmetric_tree,low,0.22314355131420976,7,regional,0.6,0.2320982596333887,0.07014534401757253,0
symmetric_tree,low,0.22314355131420976,7,regional,0.7,0.27078130290562014,0.0837141416580405,0
symmetric_tree,low,0.22314355131420976,7,regional,0.8,0.3094643461778517,0.09731310394259182,0
symmetric_tree,low,0.22314355131420976,7,regional,0.9,0.3481473894500831,0.1109311378447964,0
symmetric_tree,low,0.22314355131420976,8,multifocal,0.0,0.0,2.1942709178604383e-17,1
symmetric_tree,low,0.22314355131420976,8,multifocal,0.1,0.021949517322037287,0.003784909377651406,1
symmetric_tree,low,0.22314355131420976,8,multifocal,0.2,0.043899034644074575,0.00862889724306958,1
symmetric_tree,low,0.22314355131420976,8,multifocal,0.3,0.06584855196611185,0.015308095684059893,0
symmetric_tree,low,0.22314355131420976,8,multifocal,0.4,0.08779806928814915,0.022449588626765105,0
symmetric_tree,low,0.22314355131420976,8,multifocal,0.5,0.10974758661018642,0.02975849992431159,0
symmetric_tree,low,0.22314355131420976,8,multifocal,0.6,0.1316971039322237,0.03716814618673974,0
symmetric_tree,low,0.22314355131420976,8,multifocal,0.7,0.15364662125426098,0.044628402858633974,0
symmetric_tree,low,0.22314355131420976,8,multifocal,0.8,0.1755961385762983,0.05214782332137246,0
symmetric_tree,low,0.22314355131420976,8,multifocal,0.9,0.19754565589833556,0.05972890372566055,0
symmetric_tree,low,0.22314355131420976,9,localized,0.0,0.0,2.1942709178604383e-17,1
symmetric_tree,low,0.22314355131420976,9,localized,0.1,0.05804327400896493,0.009441339893739116,1
symmetric_tree,low,0.22314355131420976,9,localized,0.2,0.11608654801792986,0.0286554175629685,0
symmetric_tree,low,0.22314355131420976,9,localized,0.3,0.17412982202689478,0.04851386949356304,0
symmetric_tree,low,0.22314355131420976,9,localized,0.4,0.23217309603585973,0.06875137354995564,0
symmetric_tree,low,0.22314355131420976,9,localized,0.5,0.29021637004482465,0.08911881176941577,0
symmetric_tree,low,0.22314355131420976,9,localized,0.6,0.34825964405378956,0.10954373223420646,0
symmetric_tree,low,0.22314355131420976,9,localized,0.7,0.4063029180627545,0.12999904363812234,0
symmetric_tree,low,0.22314355131420976,9,localized,0.8,0.46434619207171945,0.15047235239828377,0
symmetric_tree,low,0.22314355131420976,9,localized,0.9,0.5223894660806844,0.17095719271250362,0
symmetric_tree,low,0.22314355131420976,10,regional,0.0,0.0,2.1942709178604383e-17,1
symmetric_tree,low,0.22314355131420976,10,regional,0.1,0.026740924761646623,0.0032078065687142577,1
symmetric_tree,low,0.22314355131420976,10,regional,0.2,0.05348184952329325,0.009567689845496424,1
symmetric_tree,low,0.22314355131420976,10,regional,0.3,0.08022277428493986,0.018149557303207744,0
symmetric_tree,low,0.22314355131420976,10,regional,0.4,0.1069636990465865,0.027110262056176872,0
symmetric_tree,low,0.22314355131420976,10,regional,0.5,0.13370462380823311,0.0362987421452654,0
symmetric_tree,low,0.22314355131420976,10,regional,0.6,0.16044554856987972,0.04557744560661634,0
symmetric_tree,low,0.22314355131420976,10,regional,0.7,0.18718647333152635,0.05490064579621445,0
symmetric_tree,low,0.22314355131420976,10,regional,0.8,0.213927398093173,0.0642489748072329,0
symmetric_tree,low,0.22314355131420976,10,regional,0.9,0.24066832285481962,0.07361285969748234,0
symmetric_tree,low,0.22314355131420976,11,multifocal,0.0,0.0,2.1942709178604383e-17,1
symmetric_tree,low,0.22314355131420976,11,multifocal,0.1,0.0230410956904696,0.0023354608531816353,1
symmetric_tree,low,0.22314355131420976,11,multifocal,0.2,0.0460821913809392,0.005798485101005933,1
symmetric_tree,low,0.22314355131420976,11,multifocal,0.3,0.06912328707140879,0.012134302648873841,0
symmetric_tree,low,0.22314355131420976,11,multifocal,0.4,0.0921643827618784,0.01967731858560106,0
symmetric_tree,low,0.22314355131420976,11,multifocal,0.5,0.11520547845234799,0.027565838556415423,0
symmetric_tree,low,0.22314355131420976,11,multifocal,0.6,0.13824657414281757,0.03557073328695686,0
symmetric_tree,low,0.22314355131420976,11,multifocal,0.7,0.16128766983328718,0.043627992166493615,0
symmetric_tree,low,0.22314355131420976,11,multifocal,0.8,0.1843287655237568,0.051713144915405976,0
symmetric_tree,low,0.22314355131420976,11,multifocal,0.9,0.2073698612142264,0.05981488139466861,0
symmetric_tree,low,0.22314355131420976,12,localized,0.0,0.0,2.1942709178604383e-17,1
symmetric_tree,low,0.22314355131420976,12,localized,0.1,0.06824869407585805,0.015273965080037801,0
symmetric_tree,low,0.22314355131420976,12,localized,0.2,0.1364973881517161,0.037960902264719876,0
symmetric_tree,low,0.22314355131420976,12,localized,0.3,0.20474608222757415,0.06138775110731887,0
symmetric_tree,low,0.22314355131420976,12,localized,0.4,0.2729947763034322,0.0851919201649814,0
symmetric_tree,low,0.22314355131420976,12,localized,0.5,0.34124347037929026,0.1091390928931701,0
symmetric_tree,low,0.22314355131420976,12,localized,0.6,0.4094921644551483,0.13315213477243418,0
symmetric_tree,low,0.22314355131420976,12,localized,0.7,0.47774085853100634,0.1572008633950016,0
symmetric_tree,low,0.22314355131420976,12,localized,0.8,0.5459895526068644,0.1812710759348453,0
symmetric_tree,low,0.22314355131420976,12,localized,0.9,0.6142382466827225,0.2053552179755459,0
symmetric_tree,low,0.22314355131420976,13,regional,0.0,0.0,2.1942709178604383e-17,1
symmetric_tree,low,0.22314355131420976,13,regional,0.1,0.0346971381313438,0.003976868453903963,1
symmetric_tree,low,0.22314355131420976,13,regional,0.2,0.0693942762626876,0.013452523087435046,0
symmetric_tree,low,0.22314355131420976,13,regional,0.3,0.10409141439403138,0.024710956095883523,0
symmetric_tree,low,0.22314355131420976,13,regional,0.4,0.1387885525253752,0.03659577570076184,0
symmetric_tree,low,0.22314355131420976,13,regional,0.5,0.17348569065671898,0.048669959533250415,0
symmetric_tree,low,0.22314355131420976,13,regional,0.6,0.20818282878806277,0.06082083390299719,0
symmetric_tree,low,0.22314355131420976,13,regional,0.7,0.24287996691940655,0.07301011865627727,0
symmetric_tree,low,0.22314355131420976,13,regional,0.8,0.2775771050507504,0.08522133377043202,0
symmetric_tree,low,0.22314355131420976,13,regional,0.9,0.3122742431820942,0.09744623516010788,0
symmetric_tree,low,0.22314355131420976,14,multifocal,0.0,0.0,2.1942709178604383e-17,1
symmetric_tree,low,0.22314355131420976,14,multifocal,0.1,0.02250283889337308,0.004303027740885899,1
symmetric_tree,low,0.22314355131420976,14,multifocal,0.2,0.04500567778674616,0.010411495671581164,0
symmetric_tree,low,0.22314355131420976,14,multifocal,0.3,0.06750851668011924,0.01754404734842434,0
symmetric_tree,low,0.22314355131420976,14,multifocal,0.4,0.09001135557349232,0.02508631525801343,0
symmetric_tree,low,0.22314355131420976,14,multifocal,0.5,0.1125141944668654,0.03282223646416173,0
symmetric_tree,low,0.22314355131420976,14,multifocal,0.6,0.1350170333602385,0.04064137764912119,0
symmetric_tree,low,0.22314355131420976,14,multifocal,0.7,0.15751987225361155,0.048503508381887744,0
symmetric_tree,low,0.22314355131420976,14,multifocal,0.8,0.18002271114698465,0.05639065038558653,0
symmetric_tree,low,0.22314355131420976,14,multifocal,0.9,0.20252555004035774,0.06429359963395481,0
symmetric_tree,low,0.22314355131420976,15,localized,0.0,0.0,2.1942709178604383e-17,1
symmetric_tree,low,0.22314355131420976,15,localized,0.1,0.05386408527840029,0.011760813294858336,0
symmetric_tree,low,0.22314355131420976,15,localized,0.2,0.10772817055680058,0.02957654665793546,0
symmetric_tree,low,0.22314355131420976,15,localized,0.3,0.16159225583520084,0.04802570812068338,0
symmetric_tree,low,0.22314355131420976,15,localized,0.4,0.21545634111360115,0.06673473113413793,0
symmetric_tree,low,0.22314355131420976,15,localized,0.5,0.26932042639200143,0.08553853974375972,0
symmetric_tree,low,0.22314355131420976,15,localized,0.6,0.3231845116704017,0.10439831813214091,0
symmetric_tree,low,0.22314355131420976,15,localized,0.7,0.377048596948802,0.12331358036350161,0
symmetric_tree,low,0.22314355131420976,15,localized,0.8,0.4309126822272023,0.14226315157493005,0
symmetric_tree,low,0.22314355131420976,15,localized,0.9,0.4847767675056026,0.1612349354535703,0
symmetric_tree,low,0.22314355131420976,16,regional,0.0,0.0,2.1942709178604383e-17,1
symmetric_tree,low,0.22314355131420976,16,regional,0.1,0.03842328835947636,0.0053429325668468836,1
symmetric_tree,low,0.22314355131420976,16,regional,0.2,0.07684657671895272,0.016115026080340288,0
symmetric_tree,low,0.22314355131420976,16,regional,0.3,0.11526986507842905,0.029136848928131294,0
symmetric_tree,low,0.22314355131420976,16,regional,0.4,0.15369315343790543,0.04246035441028865,0
symmetric_tree,low,0.22314355131420976,16,regional,0.5,0.19211644179738177,0.05587012850468273,0
symmetric_tree,low,0.22314355131420976,16,regional,0.6,0.2305397301568581,0.06931660612249041,0
symmetric_tree,low,0.22314355131420976,16,regional,0.7,0.2689630185163345,0.08279910660839707,0
symmetric_tree,low,0.22314355131420976,16,regional,0.8,0.30738630687581087,0.09631032913475998,0
symmetric_tree,low,0.22314355131420976,16,regional,0.9,0.3458095952352872,0.10983967504063256,0
symmetric_tree,low,0.22314355131420976,17,multifocal,0.0,0.0,2.1942709178604383e-17,1
symmetric_tree,low,0.22314355131420976,17,multifocal,0.1,0.04665495295907919,0.006506945133087675,1
symmetric_tree,low,0.22314355131420976,17,multifocal,0.2,0.09330990591815838,0.021772043663605516,0
symmetric_tree,low,0.22314355131420976,17,multifocal,0.3,0.13996485887723756,0.037634421141304136,0
symmetric_tree,low,0.22314355131420976,17,multifocal,0.4,0.18661981183631676,0.05387241976224565,0
symmetric_tree,low,0.22314355131420976,17,multifocal,0.5,0.23327476479539594,0.07023031201939532,0
symmetric_tree,low,0.22314355131420976,17,multifocal,0.6,0.2799297177544751,0.08664021583853035,0
symmetric_tree,low,0.22314355131420976,17,multifocal,0.7,0.3265846707135543,0.10307729349209795,0
symmetric_tree,low,0.22314355131420976,17,multifocal,0.8,0.3732396236726335,0.11953033516923038,0
symmetric_tree,low,0.22314355131420976,17,multifocal,0.9,0.4198945766317127,0.1359935468196358,0
symmetric_tree,low,0.22314355131420976,18,localized,0.0,0.0,2.1942709178604383e-17,1
symmetric_tree,low,0.22314355131420976,18,localized,0.1,0.06086591506325082,0.011343159141227884,0
symmetric_tree,low,0.22314355131420976,18,localized,0.2,0.12173183012650164,0.031767322869835246,0
symmetric_tree,low,0.22314355131420976,18,localized,0.3,0.18259774518975244,0.052810126242052814,0
symmetric_tree,low,0.22314355131420976,18,localized,0.4,0.24346366025300328,0.07409916008987184,0
symmetric_tree,low,0.22314355131420976,18,localized,0.5,0.3043295753162541,0.09548239789247412,0
symmetric_tree,low,0.22314355131420976,18,localized,0.6,0.3651954903795049,0.11690815958485713,0
symmetric_tree,low,0.22314355131420976,18,localized,0.7,0.4260614054427557,0.13835682451547546,0
symmetric_tree,low,0.22314355131420976,18,localized,0.8,0.48692732050600657,0.15982278081280396,0
symmetric_tree,low,0.22314355131420976,18,localized,0.9,0.5477932355692574,0.1813013969819063,0
symmetric_tree,low,0.22314355131420976,19,regional,0.0,0.0,2.1942709178604383e-17,1
symmetric_tree,low,0.22314355131420976,19,regional,0.1,0.03487169666319958,0.0026896132289062824,1
symmetric_tree,low,0.22314355131420976,19,regional,0.2,0.06974339332639916,0.012220498157695613,0
symmetric_tree,low,0.22314355131420976,19,regional,0.3,0.10461508998959874,0.02381361342237913,0
symmetric_tree,low,0.22314355131420976,19,regional,0.4,0.13948678665279832,0.035877801909299276,0
symmetric_tree,low,0.22314355131420976,19,regional,0.5,0.1743584833159979,0.04807547797607391,0
symmetric_tree,low,0.22314355131420976,19,regional,0.6,0.2092301799791975,0.06032572355625468,0
symmetric_tree,low,0.22314355131420976,19,regional,0.7,0.24410187664239705,0.0726019330990298,0
symmetric_tree,low,0.22314355131420976,19,regional,0.8,0.27897357330559663,0.08489284353830412,0
symmetric_tree,low,0.22314355131420976,19,regional,0.9,0.31384526996879625,0.09719287785375332,0
symmetric_tree,frozen,0.6931471805599453,0,localized,0.0,0.0,2.1942709178604383e-17,1
symmetric_tree,frozen,0.6931471805599453,0,localized,0.1,0.07081063127933944,0.017324396181174123,0
symmetric_tree,frozen,0.6931471805599453,0,localized,0.2,0.14162126255867888,0.03499482395903121,0
symmetric_tree,frozen,0.6931471805599453,0,localized,0.3,0.21243189383801833,0.055581658719256355,0
symmetric_tree,frozen,0.6931471805599453,0,localized,0.4,0.28324252511735776,0.07831299644387302,0
symmetric_tree,frozen,0.6931471805599453,0,localized,0.5,0.3540531563966972,0.10181833002548771,0
symmetric_tree,frozen,0.6931471805599453,0,localized,0.6,0.42486378767603666,0.1257118616593012,0
symmetric_tree,frozen,0.6931471805599453,0,localized,0.7,0.49567441895537606,0.14990287925631926,0
symmetric_tree,frozen,0.6931471805599453,0,localized,0.8,0.5664850502347155,0.17428920206561402,0
symmetric_tree,frozen,0.6931471805599453,0,localized,0.9,0.637295681514055,0.1988354737568954,0
symmetric_tree,frozen,0.6931471805599453,1,regional,0.0,0.0,2.1942709178604383e-17,1
symmetric_tree,frozen,0.6931471805599453,1,regional,0.1,0.029949605301094792,0.003839524992465791,1
symmetric_tree,frozen,0.6931471805599453,1,regional,0.2,0.059899210602189584,0.007679049984931579,1
symmetric_tree,frozen,0.6931471805599453,1,regional,0.3,0.08984881590328436,0.011518574977397363,0
symmetric_tree,frozen,0.6931471805599453,1,regional,0.4,0.11979842120437917,0.016005583502715293,0
symmetric_tree,frozen,0.6931471805599453,1,regional,0.5,0.14974802650547395,0.02292089026743784,0
symmetric_tree,frozen,0.6931471805599453,1,regional,0.6,0.17969763180656873,0.03172283477283598,0
symmetric_tree,frozen,0.6931471805599453,1,regional,0.7,0.2096472371076635,0.04122461846282958,0
symmetric_tree,frozen,0.6931471805599453,1,regional,0.8,0.23959684240875834,0.05103684918561862,0
symmetric_tree,frozen,0.6931471805599453,1,regional,0.9,0.2695464477098531,0.061009922702735656,0
symmetric_tree,frozen,0.6931471805599453,2,multifocal,0.0,0.0,2.1942709178604383e-17,1
symmetric_tree,frozen,0.6931471805599453,2,multifocal,0.1,0.022088888408197376,0.0035357431637391217,1
symmetric_tree,frozen,0.6931471805599453,2,multifocal,0.2,0.04417777681639475,0.007071486327478247,1
symmetric_tree,frozen,0.6931471805599453,2,multifocal,0.3,0.06626666522459213,0.010607229491217368,0
symmetric_tree,frozen,0.6931471805599453,2,multifocal,0.4,0.0883555536327895,0.014231251411654777,0
symmetric_tree,frozen,0.6931471805599453,2,multifocal,0.5,0.11044444204098687,0.019172053078957658,0
symmetric_tree,frozen,0.6931471805599453,2,multifocal,0.6,0.13253333044918425,0.02501435579753322,0
symmetric_tree,frozen,0.6931471805599453,2,multifocal,0.7,0.15462221885738162,0.03128317512657371,0
symmetric_tree,frozen,0.6931471805599453,2,multifocal,0.8,0.176711107265579,0.03798382474121661,0
symmetric_tree,frozen,0.6931471805599453,2,multifocal,0.9,0.19879999567377638,0.044970382549995906,0
symmetric_tree,frozen,0.6931471805599453,3,localized,0.0,0.0,2.1942709178604383e-17,1
symmetric_tree,frozen,0.6931471805599453,3,localized,0.1,0.06006605372256168,0.015317003560704255,0
symmetric_tree,frozen,0.6931471805599453,3,localized,0.2,0.12013210744512336,0.030644659814985004,0
symmetric_tree,frozen,0.6931471805599453,3,localized,0.3,0.18019816116768503,0.04812928939405011,0
symmetric_tree,frozen,0.6931471805599453,3,localized,0.4,0.2402642148902467,0.0672895982956406,0
symmetric_tree,frozen,0.6931471805599453,3,localized,0.5,0.30033026861280837,0.08709296429968248,0
symmetric_tree,frozen,0.6931471805599453,3,localized,0.6,0.36039632233537006,0.10733151324384696,0
symmetric_tree,frozen,0.6931471805599453,3,localized,0.7,0.4204623760579317,0.12780562542301355,0
symmetric_tree,frozen,0.6931471805599453,3,localized,0.8,0.4805284297804934,0.14843280375458945,0
symmetric_tree,frozen,0.6931471805599453,3,localized,0.9,0.5405944835030551,0.16920262199388778,0
symmetric_tree,frozen,0.6931471805599453,4,regional,0.0,0.0,2.1942709178604383e-17,1
symmetric_tree,frozen,0.6931471805599453,4,regional,0.1,0.029234277347532773,0.0018559280506970643,1
symmetric_tree,frozen,0.6931471805599453,4,regional,0.2,0.058468554695065546,0.003711856101394131,1
symmetric_tree,frozen,0.6931471805599453,4,regional,0.3,0.08770283204259831,0.007713658558799626,1
symmetric_tree,frozen,0.6931471805599453,4,regional,0.4,0.11693710939013109,0.01519799428202811,0
symmetric_tree,frozen,0.6931471805599453,4,regional,0.5,0.14617138673766386,0.02312773977418473,0
symmetric_tree,frozen,0.6931471805599453,4,regional,0.6,0.17540566408519662,0.03133873161453819,0
symmetric_tree,frozen,0.6931471805599453,4,regional,0.7,0.2046399414327294,0.04004958360282289,0
symmetric_tree,frozen,0.6931471805599453,4,regional,0.8,0.23387421878026218,0.04901528943709492,0
symmetric_tree,frozen,0.6931471805599453,4,regional,0.9,0.26310849612779497,0.05826996642073018,0
symmetric_tree,frozen,0.6931471805599453,5,multifocal,0.0,0.0,2.1942709178604383e-17,1
symmetric_tree,frozen,0.6931471805599453,5,multifocal,0.1,0.022755109649683164,0.00281782234898905,1
symmetric_tree,frozen,0.6931471805599453,5,multifocal,0.2,0.04551021929936633,0.0056356446979781,1
symmetric_tree,frozen,0.6931471805599453,5,multifocal,0.3,0.06826532894904949,0.008453467046967152,1
symmetric_tree,frozen,0.6931471805599453,5,multifocal,0.4,0.09102043859873266,0.01129644353529598,0
symmetric_tree,frozen,0.6931471805599453,5,multifocal,0.5,0.11377554824841582,0.015465396791345572,0
symmetric_tree,frozen,0.6931471805599453,5,multifocal,0.6,0.13653065789809898,0.02166672960102696,0
symmetric_tree,frozen,0.6931471805599453,5,multifocal,0.7,0.15928576754778215,0.028713913438741426,0
symmetric_tree,frozen,0.6931471805599453,5,multifocal,0.8,0.1820408771974653,0.03611514167221713,0
symmetric_tree,frozen,0.6931471805599453,5,multifocal,0.9,0.20479598684714848,0.04369085797640456,0
symmetric_tree,frozen,0.6931471805599453,6,localized,0.0,0.0,2.1942709178604383e-17,1
symmetric_tree,frozen,0.6931471805599453,6,localized,0.1,0.04419295753759697,0.009407762744014113,1
symmetric_tree,frozen,0.6931471805599453,6,localized,0.2,0.08838591507519394,0.01881552548802823,0
symmetric_tree,frozen,0.6931471805599453,6,localized,0.3,0.1325788726127909,0.02993342623912077,0
symmetric_tree,frozen,0.6931471805599453,6,localized,0.4,0.1767718301503879,0.043606615958761634,0
symmetric_tree,frozen,0.6931471805599453,6,localized,0.5,0.22096478768798483,0.05809441661827783,0
symmetric_tree,frozen,0.6931471805599453,6,localized,0.6,0.2651577452255818,0.07291284432075198,0
symmetric_tree,frozen,0.6931471805599453,6,localized,0.7,0.3093507027631787,0.08789483391842473,0
symmetric_tree,frozen,0.6931471805599453,6,localized,0.8,0.3535436603007758,0.10298624817935473,0
symmetric_tree,frozen,0.6931471805599453,6,localized,0.9,0.3977366178383727,0.1182076808615525,0
symmetric_tree,frozen,0.6931471805599453,7,regional,0.0,0.0,2.1942709178604383e-17,1
symmetric_tree,frozen,0.6931471805599453,7,regional,0.1,0.03868304327223146,0.004028659563139824,1
symmetric_tree,frozen,0.6931471805599453,7,regional,0.2,0.07736608654446292,0.00809938049638505,1
symmetric_tree,frozen,0.6931471805599453,7,regional,0.3,0.11604912981669435,0.01597836636453222,0
symmetric_tree,frozen,0.6931471805599453,7,regional,0.4,0.15473217308892584,0.026461218758575187,0
symmetric_tree,frozen,0.6931471805599453,7,regional,0.5,0.19341521636115727,0.03813255991428311,0
symmetric_tree,frozen,0.6931471805599453,7,regional,0.6,0.2320982596333887,0.050644224588453086,0
symmetric_tree,frozen,0.6931471805599453,7,regional,0.7,0.27078130290562014,0.06352757282302447,0
symmetric_tree,frozen,0.6931471805599453,7,regional,0.8,0.3094643461778517,0.07659528183558957,0
symmetric_tree,frozen,0.6931471805599453,7,regional,0.9,0.3481473894500831,0.08976687337894657,0
symmetric_tree,frozen,0.6931471805599453,8,multifocal,0.0,0.0,2.1942709178604383e-17,1
symmetric_tree,frozen,0.6931471805599453,8,multifocal,0.1,0.021949517322037287,0.0037849093776514066,1
symmetric_tree,frozen,0.6931471805599453,8,multifocal,0.2,0.043899034644074575,0.007569818755302816,1
symmetric_tree,frozen,0.6931471805599453,8,multifocal,0.3,0.06584855196611185,0.011354728132954222,0
symmetric_tree,frozen,0.6931471805599453,8,multifocal,0.4,0.08779806928814915,0.015337351059513362,0
symmetric_tree,frozen,0.6931471805599453,8,multifocal,0.5,0.10974758661018642,0.020336075064698398,0
symmetric_tree,frozen,0.6931471805599453,8,multifocal,0.6,0.1316971039322237,0.025934943527156328,0
symmetric_tree,frozen,0.6931471805599453,8,multifocal,0.7,0.15364662125426098,0.032168867277661294,0
symmetric_tree,frozen,0.6931471805599453,8,multifocal,0.8,0.1755961385762983,0.0388054601130387,0
symmetric_tree,frozen,0.6931471805599453,8,multifocal,0.9,0.19754565589833556,0.04566951317593978,0
symmetric_tree,frozen,0.6931471805599453,9,localized,0.0,0.0,2.1942709178604383e-17,1
symmetric_tree,frozen,0.6931471805599453,9,localized,0.1,0.05804327400896493,0.0023314465842335695,1
symmetric_tree,frozen,0.6931471805599453,9,localized,0.2,0.11608654801792986,0.010870016802863454,0
symmetric_tree,frozen,0.6931471805599453,9,localized,0.3,0.17412982202689478,0.027038816564831463,0
symmetric_tree,frozen,0.6931471805599453,9,localized,0.4,0.23217309603585973,0.04571466012804365,0
symmetric_tree,frozen,0.6931471805599453,9,localized,0.5,0.29021637004482465,0.06478726702998566,0
symmetric_tree,frozen,0.6931471805599453,9,localized,0.6,0.34825964405378956,0.08407058510123172,0
symmetric_tree,frozen,0.6931471805599453,9,localized,0.7,0.4063029180627545,0.10378377788909364,0
symmetric_tree,frozen,0.6931471805599453,9,localized,0.8,0.46434619207171945,0.12375999854970082,0
symmetric_tree,frozen,0.6931471805599453,9,localized,0.9,0.5223894660806844,0.143889740230258,0
symmetric_tree,frozen,0.6931471805599453,10,regional,0.0,0.0,2.1942709178604383e-17,1
symmetric_tree,frozen,0.6931471805599453,10,regional,0.1,0.026740924761646623,0.0032078065687142572,1
symmetric_tree,frozen,0.6931471805599453,10,regional,0.2,0.05348184952329325,0.006415613137428516,1
symmetric_tree,frozen,0.6931471805599453,10,regional,0.3,0.08022277428493986,0.009623419706142772,1
symmetric_tree,frozen,0.6931471805599453,10,regional,0.4,0.1069636990465865,0.013148698880539112,0
symmetric_tree,frozen,0.6931471805599453,10,regional,0.5,0.13370462380823311,0.019449685448574297,0
symmetric_tree,frozen,0.6931471805599453,10,regional,0.6,0.16044554856987972,0.027289915724667182,0
symmetric_tree,frozen,0.6931471805599453,10,regional,0.7,0.18718647333152635,0.03566841727472576,0
symmetric_tree,frozen,0.6931471805599453,10,regional,0.8,0.213927398093173,0.04428069258629584,0
symmetric_tree,frozen,0.6931471805599453,10,regional,0.9,0.24066832285481962,0.053012929888600555,0
symmetric_tree,frozen,0.6931471805599453,11,multifocal,0.0,0.0,2.1942709178604383e-17,1
symmetric_tree,frozen,0.6931471805599453,11,multifocal,0.1,0.0230410956904696,0.0023354608531816353,1
symmetric_tree,frozen,0.6931471805599453,11,multifocal,0.2,0.0460821913809392,0.004670921706363284,1
symmetric_tree,frozen,0.6931471805599453,11,multifocal,0.3,0.06912328707140879,0.0070063825595449184,1
symmetric_tree,frozen,0.6931471805599453,11,multifocal,0.4,0.0921643827618784,0.009341843412726567,1
symmetric_tree,frozen,0.6931471805599453,11,multifocal,0.5,0.11520547845234799,0.012804431603278784,0
symmetric_tree,frozen,0.6931471805599453,11,multifocal,0.6,0.13824657414281757,0.017565942414294343,0
symmetric_tree,frozen,0.6931471805599453,11,multifocal,0.7,0.16128766983328718,0.023164751925385318,0
symmetric_tree,frozen,0.6931471805599453,11,multifocal,0.8,0.1843287655237568,0.029341245715298083,0
symmetric_tree,frozen,0.6931471805599453,11,multifocal,0.9,0.2073698612142264,0.035920978117724496,0
symmetric_tree,frozen,0.6931471805599453,12,localized,0.0,0.0,2.1942709178604383e-17,1
symmetric_tree,frozen,0.6931471805599453,12,localized,0.1,0.06824869407585805,0.01082129903451956,0
symmetric_tree,frozen,0.6931471805599453,12,localized,0.2,0.1364973881517161,0.025375945780739036,0
symmetric_tree,frozen,0.6931471805599453,12,localized,0.3,0.20474608222757415,0.044879912968066905,0
symmetric_tree,frozen,0.6931471805599453,12,localized,0.4,0.2729947763034322,0.06679930612169784,0
symmetric_tree,frozen,0.6931471805599453,12,localized,0.5,0.34124347037929026,0.08938494202335176,0
symmetric_tree,frozen,0.6931471805599453,12,localized,0.6,0.4094921644551483,0.11228084998416472,0
symmetric_tree,frozen,0.6931471805599453,12,localized,0.7,0.47774085853100634,0.1355079624310081,0
symmetric_tree,frozen,0.6931471805599453,12,localized,0.8,0.5459895526068644,0.15900066550578684,0
symmetric_tree,frozen,0.6931471805599453,12,localized,0.9,0.6142382466827225,0.18265948220973297,0
symmetric_tree,frozen,0.6931471805599453,13,regional,0.0,0.0,2.1942709178604383e-17,1
symmetric_tree,frozen,0.6931471805599453,13,regional,0.1,0.0346971381313438,0.0035849949376813607,1
symmetric_tree,frozen,0.6931471805599453,13,regional,0.2,0.0693942762626876,0.007169989875362724,1
symmetric_tree,frozen,0.6931471805599453,13,regional,0.3,0.10409141439403138,0.011207602450588402,0
symmetric_tree,frozen,0.6931471805599453,13,regional,0.4,0.1387885525253752,0.019314939979752727,0
symmetric_tree,frozen,0.6931471805599453,13,regional,0.5,0.17348569065671898,0.02894452526308038,0
symmetric_tree,frozen,0.6931471805599453,13,regional,0.6,0.20818282878806277,0.0391482636352298,0
symmetric_tree,frozen,0.6931471805599453,13,regional,0.7,0.24287996691940655,0.04999084128298892,0
symmetric_tree,frozen,0.6931471805599453,13,regional,0.8,0.2775771050507504,0.061288214673298896,0
symmetric_tree,frozen,0.6931471805599453,13,regional,0.9,0.3122742431820942,0.07289932512738921,0
symmetric_tree,frozen,0.6931471805599453,14,multifocal,0.0,0.0,2.1942709178604383e-17,1
symmetric_tree,frozen,0.6931471805599453,14,multifocal,0.1,0.02250283889337308,0.004303027740885899,1
symmetric_tree,frozen,0.6931471805599453,14,multifocal,0.2,0.04500567778674616,0.008606055481771794,1
symmetric_tree,frozen,0.6931471805599453,14,multifocal,0.3,0.06750851668011924,0.012935035977200271,0
symmetric_tree,frozen,0.6931471805599453,14,multifocal,0.4,0.09001135557349232,0.01847389889600885,0
symmetric_tree,frozen,0.6931471805599453,14,multifocal,0.5,0.1125141944668654,0.02493395762835499,0
symmetric_tree,frozen,0.6931471805599453,14,multifocal,0.6,0.1350170333602385,0.03175794488800243,0
symmetric_tree,frozen,0.6931471805599453,14,multifocal,0.7,0.15751987225361155,0.038764421074544815,0
symmetric_tree,frozen,0.6931471805599453,14,multifocal,0.8,0.18002271114698465,0.04601220179958013,0
symmetric_tree,frozen,0.6931471805599453,14,multifocal,0.9,0.20252555004035774,0.05344618975825742,0
symmetric_tree,frozen,0.6931471805599453,15,localized,0.0,0.0,2.1942709178604383e-17,1
symmetric_tree,frozen,0.6931471805599453,15,localized,0.1,0.05386408527840029,0.009690331376412462,1
symmetric_tree,frozen,0.6931471805599453,15,localized,0.2,0.10772817055680058,0.020780461676400144,0
symmetric_tree,frozen,0.6931471805599453,15,localized,0.3,0.16159225583520084,0.03591330021360049,0
symmetric_tree,frozen,0.6931471805599453,15,localized,0.4,0.21545634111360115,0.05304182598495511,0
symmetric_tree,frozen,0.6931471805599453,15,localized,0.5,0.26932042639200143,0.07082895695782773,0
symmetric_tree,frozen,0.6931471805599453,15,localized,0.6,0.3231845116704017,0.0888971392651701,0
symmetric_tree,frozen,0.6931471805599453,15,localized,0.7,0.377048596948802,0.1072483013395159,0
symmetric_tree,frozen,0.6931471805599453,15,localized,0.8,0.4309126822272023,0.12579079560259937,0
symmetric_tree,frozen,0.6931471805599453,15,localized,0.9,0.4847767675056026,0.14445095958110152,0
symmetric_tree,frozen,0.6931471805599453,16,regional,0.0,0.0,2.1942709178604383e-17,1
symmetric_tree,frozen,0.6931471805599453,16,regional,0.1,0.03842328835947636,0.0052453915714860645,1
symmetric_tree,frozen,0.6931471805599453,16,regional,0.2,0.07684657671895272,0.010490783142972132,0
symmetric_tree,frozen,0.6931471805599453,16,regional,0.3,0.11526986507842905,0.01577916221542197,0
symmetric_tree,frozen,0.6931471805599453,16,regional,0.4,0.15369315343790543,0.024071892359154343,0
symmetric_tree,frozen,0.6931471805599453,16,regional,0.5,0.19211644179738177,0.03455375841412872,0
symmetric_tree,frozen,0.6931471805599453,16,regional,0.6,0.2305397301568581,0.04608822849379078,0
symmetric_tree,frozen,0.6931471805599453,16,regional,0.7,0.2689630185163345,0.05840322418420674,0
symmetric_tree,frozen,0.6931471805599453,16,regional,0.8,0.30738630687581087,0.07109546338508603,0
symmetric_tree,frozen,0.6931471805599453,16,regional,0.9,0.3458095952352872,0.08399410552047124,0
symmetric_tree,frozen,0.6931471805599453,17,multifocal,0.0,0.0,2.1942709178604383e-17,1
symmetric_tree,frozen,0.6931471805599453,17,multifocal,0.1,0.04665495295907919,0.0016114548973493324,1
symmetric_tree,frozen,0.6931471805599453,17,multifocal,0.2,0.09330990591815838,0.0034348865989975073,1
symmetric_tree,frozen,0.6931471805599453,17,multifocal,0.3,0.13996485887723756,0.014655722502472554,0
symmetric_tree,frozen,0.6931471805599453,17,multifocal,0.4,0.18661981183631676,0.02955151602986814,0
symmetric_tree,frozen,0.6931471805599453,17,multifocal,0.5,0.23327476479539594,0.04481934130279977,0
symmetric_tree,frozen,0.6931471805599453,17,multifocal,0.6,0.2799297177544751,0.060279805658329,0
symmetric_tree,frozen,0.6931471805599453,17,multifocal,0.7,0.3265846707135543,0.07601202493348082,0
symmetric_tree,frozen,0.6931471805599453,17,multifocal,0.8,0.3732396236726335,0.09198286935900568,0
symmetric_tree,frozen,0.6931471805599453,17,multifocal,0.9,0.4198945766317127,0.10811123778519588,0
symmetric_tree,frozen,0.6931471805599453,18,localized,0.0,0.0,2.1942709178604383e-17,1
symmetric_tree,frozen,0.6931471805599453,18,localized,0.1,0.06086591506325082,0.005058420613521294,1
symmetric_tree,frozen,0.6931471805599453,18,localized,0.2,0.12173183012650164,0.015853652513341594,0
symmetric_tree,frozen,0.6931471805599453,18,localized,0.3,0.18259774518975244,0.03204848741589579,0
symmetric_tree,frozen,0.6931471805599453,18,localized,0.4,0.24346366025300328,0.05158470419870996,0
symmetric_tree,frozen,0.6931471805599453,18,localized,0.5,0.3043295753162541,0.07204927877475084,0
symmetric_tree,frozen,0.6931471805599453,18,localized,0.6,0.3651954903795049,0.0928302544417869,0
symmetric_tree,frozen,0.6931471805599453,18,localized,0.7,0.4260614054427557,0.11376091175601072,0
symmetric_tree,frozen,0.6931471805599453,18,localized,0.8,0.48692732050600657,0.13484605822508597,0
symmetric_tree,frozen,0.6931471805599453,18,localized,0.9,0.5477932355692574,0.15604333499823347,0
symmetric_tree,frozen,0.6931471805599453,19,regional,0.0,0.0,2.1942709178604383e-17,1
symmetric_tree,frozen,0.6931471805599453,19,regional,0.1,0.03487169666319958,0.00250705428191124,1
symmetric_tree,frozen,0.6931471805599453,19,regional,0.2,0.06974339332639916,0.005014108563822473,1
symmetric_tree,frozen,0.6931471805599453,19,regional,0.3,0.10461508998959874,0.007602397271000659,1
symmetric_tree,frozen,0.6931471805599453,19,regional,0.4,0.13948678665279832,0.014313708953215605,0
symmetric_tree,frozen,0.6931471805599453,19,regional,0.5,0.1743584833159979,0.023883982914040182,0
symmetric_tree,frozen,0.6931471805599453,19,regional,0.6,0.2092301799791975,0.03480526640896649,0
symmetric_tree,frozen,0.6931471805599453,19,regional,0.7,0.24410187664239705,0.04615106284531559,0
symmetric_tree,frozen,0.6931471805599453,19,regional,0.8,0.27897357330559663,0.05784849045307211,0
symmetric_tree,frozen,0.6931471805599453,19,regional,0.9,0.31384526996879625,0.06976321637442745,0
symmetric_tree,high,1.3862943611198906,0,localized,0.0,0.0,2.1942709178604383e-17,1
symmetric_tree,high,1.3862943611198906,0,localized,0.1,0.07081063127933944,0.017324396181174123,0
symmetric_tree,high,1.3862943611198906,0,localized,0.2,0.14162126255867888,0.034648792362348246,0
symmetric_tree,high,1.3862943611198906,0,localized,0.3,0.21243189383801833,0.05197318854352237,0
symmetric_tree,high,1.3862943611198906,0,localized,0.4,0.28324252511735776,0.0693849911556721,0
symmetric_tree,high,1.3862943611198906,0,localized,0.5,0.3540531563966972,0.08787716895845425,0
symmetric_tree,high,1.3862943611198906,0,localized,0.6,0.42486378767603666,0.1080741514632148,0
symmetric_tree,high,1.3862943611198906,0,localized,0.7,0.49567441895537606,0.1297439332432309,0
symmetric_tree,high,1.3862943611198906,0,localized,0.8,0.5664850502347155,0.1522589728749769,0
symmetric_tree,high,1.3862943611198906,0,localized,0.9,0.637295681514055,0.17530374027940723,0
symmetric_tree,high,1.3862943611198906,1,regional,0.0,0.0,2.1942709178604383e-17,1
symmetric_tree,high,1.3862943611198906,1,regional,0.1,0.029949605301094792,0.003839524992465791,1
symmetric_tree,high,1.3862943611198906,1,regional,0.2,0.059899210602189584,0.007679049984931579,1
symmetric_tree,high,1.3862943611198906,1,regional,0.3,0.08984881590328436,0.011518574977397363,0
symmetric_tree,high,1.3862943611198906,1,regional,0.4,0.11979842120437917,0.015358099969863155,0
symmetric_tree,high,1.3862943611198906,1,regional,0.5,0.14974802650547395,0.019197624962328946,0
symmetric_tree,high,1.3862943611198906,1,regional,0.6,0.17969763180656873,0.02347395043013263,0
symmetric_tree,high,1.3862943611198906,1,regional,0.7,0.2096472371076635,0.028744389148650264,0
symmetric_tree,high,1.3862943611198906,1,regional,0.8,0.23959684240875834,0.03518101284626105,0
symmetric_tree,high,1.3862943611198906,1,regional,0.9,0.2695464477098531,0.04263918351759647,0
symmetric_tree,high,1.3862943611198906,2,multifocal,0.0,0.0,2.1942709178604383e-17,1
symmetric_tree,high,1.3862943611198906,2,multifocal,0.1,0.022088888408197376,0.0035357431637391217,1
symmetric_tree,high,1.3862943611198906,2,multifocal,0.2,0.04417777681639475,0.007071486327478247,1
symmetric_tree,high,1.3862943611198906,2,multifocal,0.3,0.06626666522459213,0.010607229491217368,0
symmetric_tree,high,1.3862943611198906,2,multifocal,0.4,0.0883555536327895,0.014142972654956494,0
symmetric_tree,high,1.3862943611198906,2,multifocal,0.5,0.11044444204098687,0.017678715818695616,0
symmetric_tree,high,1.3862943611198906,2,multifocal,0.6,0.13253333044918425,0.021214458982434736,0
symmetric_tree,high,1.3862943611198906,2,multifocal,0.7,0.15462221885738162,0.024750202146173857,0
symmetric_tree,high,1.3862943611198906,2,multifocal,0.8,0.176711107265579,0.02873527789050423,0
symmetric_tree,high,1.3862943611198906,2,multifocal,0.9,0.19879999567377638,0.03363764836461998,0
symmetric_tree,high,1.3862943611198906,3,localized,0.0,0.0,2.1942709178604383e-17,1
symmetric_tree,high,1.3862943611198906,3,localized,0.1,0.06006605372256168,0.015317003560704255,0
symmetric_tree,high,1.3862943611198906,3,localized,0.2,0.12013210744512336,0.03063400712140852,0
symmetric_tree,high,1.3862943611198906,3,localized,0.3,0.18019816116768503,0.045951010682112776,0
symmetric_tree,high,1.3862943611198906,3,localized,0.4,0.2402642148902467,0.06126801424281703,0
symmetric_tree,high,1.3862943611198906,3,localized,0.5,0.30033026861280837,0.0773371438637049,0
symmetric_tree,high,1.3862943611198906,3,localized,0.6,0.36039632233537006,0.09501527543903818,0
symmetric_tree,high,1.3862943611198906,3,localized,0.7,0.4204623760579317,0.11358325513212049,0
symmetric_tree,high,1.3862943611198906,3,localized,0.8,0.4805284297804934,0.13266798279898454,0
symmetric_tree,high,1.3862943611198906,3,localized,0.9,0.5405944835030551,0.15207503413573878,0
symmetric_tree,high,1.3862943611198906,4,regional,0.0,0.0,2.1942709178604383e-17,1
symmetric_tree,high,1.3862943611198906,4,regional,0.1,0.029234277347532773,0.0018559280506970643,1
symmetric_tree,high,1.3862943611198906,4,regional,0.2,0.058468554695065546,0.003711856101394131,1
symmetric_tree,high,1.3862943611198906,4,regional,0.3,0.08770283204259831,0.005567784152091198,1
symmetric_tree,high,1.3862943611198906,4,regional,0.4,0.11693710939013109,0.007530586818998474,1
symmetric_tree,high,1.3862943611198906,4,regional,0.5,0.14617138673766386,0.012905468771732423,0
symmetric_tree,high,1.3862943611198906,4,regional,0.6,0.17540566408519662,0.020050007777124932,0
symmetric_tree,high,1.3862943611198906,4,regional,0.7,0.2046399414327294,0.02762362758169717,0
symmetric_tree,high,1.3862943611198906,4,regional,0.8,0.23387421878026218,0.035351620768314926,0
symmetric_tree,high,1.3862943611198906,4,regional,0.9,0.26310849612779497,0.04328798219843622,0
symmetric_tree,high,1.3862943611198906,5,multifocal,0.0,0.0,2.1942709178604383e-17,1
symmetric_tree,high,1.3862943611198906,5,multifocal,0.1,0.022755109649683164,0.00281782234898905,1
symmetric_tree,high,1.3862943611198906,5,multifocal,0.2,0.04551021929936633,0.0056356446979781,1
symmetric_tree,high,1.3862943611198906,5,multifocal,0.3,0.06826532894904949,0.008453467046967152,1
symmetric_tree,high,1.3862943611198906,5,multifocal,0.4,0.09102043859873266,0.0112712893959562,0
symmetric_tree,high,1.3862943611198906,5,multifocal,0.5,0.11377554824841582,0.014089111744945251,0
symmetric_tree,high,1.3862943611198906,5,multifocal,0.6,0.13653065789809898,0.016906934093934303,0
symmetric_tree,high,1.3862943611198906,5,multifocal,0.7,0.15928576754778215,0.019983597912408644,0
symmetric_tree,high,1.3862943611198906,5,multifocal,0.8,0.1820408771974653,0.0240559339136412,0
symmetric_tree,high,1.3862943611198906,5,multifocal,0.9,0.20479598684714848,0.029567427124171826,0
symmetric_tree,high,1.3862943611198906,6,localized,0.0,0.0,2.1942709178604383e-17,1
symmetric_tree,high,1.3862943611198906,6,localized,0.1,0.04419295753759697,0.009407762744014113,1
symmetric_tree,high,1.3862943611198906,6,localized,0.2,0.08838591507519394,0.018815525488028225,0
symmetric_tree,high,1.3862943611198906,6,localized,0.3,0.1325788726127909,0.028223288232042336,0
symmetric_tree,high,1.3862943611198906,6,localized,0.4,0.1767718301503879,0.03763105097605646,0
symmetric_tree,high,1.3862943611198906,6,localized,0.5,0.22096478768798483,0.04730719464025504,0
symmetric_tree,high,1.3862943611198906,6,localized,0.6,0.2651577452255818,0.059023507967377084,0
symmetric_tree,high,1.3862943611198906,6,localized,0.7,0.3093507027631787,0.07214669379735249,0
symmetric_tree,high,1.3862943611198906,6,localized,0.8,0.3535436603007758,0.08603536170710695,0
symmetric_tree,high,1.3862943611198906,6,localized,0.9,0.3977366178383727,0.10037225018562833,0
symmetric_tree,high,1.3862943611198906,7,regional,0.0,0.0,2.1942709178604383e-17,1
symmetric_tree,high,1.3862943611198906,7,regional,0.1,0.03868304327223146,0.004028659563139824,1
symmetric_tree,high,1.3862943611198906,7,regional,0.2,0.07736608654446292,0.008057319126279647,1
symmetric_tree,high,1.3862943611198906,7,regional,0.3,0.11604912981669435,0.01208597868941947,0
symmetric_tree,high,1.3862943611198906,7,regional,0.4,0.15473217308892584,0.01842294135572548,0
symmetric_tree,high,1.3862943611198906,7,regional,0.5,0.19341521636115727,0.02738315182285539,0
symmetric_tree,high,1.3862943611198906,7,regional,0.6,0.2320982596333887,0.037119353135671135,0
symmetric_tree,high,1.3862943611198906,7,regional,0.7,0.27078130290562014,0.04715329138636914,0
symmetric_tree,high,1.3862943611198906,7,regional,0.8,0.3094643461778517,0.05768835475916317,0
symmetric_tree,high,1.3862943611198906,7,regional,0.9,0.3481473894500831,0.06919928279384184,0
symmetric_tree,high,1.3862943611198906,8,multifocal,0.0,0.0,2.1942709178604383e-17,1
symmetric_tree,high,1.3862943611198906,8,multifocal,0.1,0.021949517322037287,0.003784909377651406,1
symmetric_tree,high,1.3862943611198906,8,multifocal,0.2,0.043899034644074575,0.007569818755302816,1
symmetric_tree,high,1.3862943611198906,8,multifocal,0.3,0.06584855196611185,0.011354728132954222,0
symmetric_tree,high,1.3862943611198906,8,multifocal,0.4,0.08779806928814915,0.015139637510605633,0
symmetric_tree,high,1.3862943611198906,8,multifocal,0.5,0.10974758661018642,0.018924546888257038,0
symmetric_tree,high,1.3862943611198906,8,multifocal,0.6,0.1316971039322237,0.022709456265908444,0
symmetric_tree,high,1.3862943611198906,8,multifocal,0.7,0.15364662125426098,0.026879309836671365,0
symmetric_tree,high,1.3862943611198906,8,multifocal,0.8,0.1755961385762983,0.03166855358317406,0
symmetric_tree,high,1.3862943611198906,8,multifocal,0.9,0.19754565589833556,0.03683699360482694,0
symmetric_tree,high,1.3862943611198906,9,localized,0.0,0.0,2.1942709178604383e-17,1
symmetric_tree,high,1.3862943611198906,9,localized,0.1,0.05804327400896493,0.00233144658423357,1
symmetric_tree,high,1.3862943611198906,9,localized,0.2,0.11608654801792986,0.00466289316846714,1
symmetric_tree,high,1.3862943611198906,9,localized,0.3,0.17412982202689478,0.010814140936984571,0
symmetric_tree,high,1.3862943611198906,9,localized,0.4,0.23217309603585973,0.02270744179576456,0
symmetric_tree,high,1.3862943611198906,9,localized,0.5,0.29021637004482465,0.039181364146797175,0
symmetric_tree,high,1.3862943611198906,9,localized,0.6,0.34825964405378956,0.05718264606193136,0
symmetric_tree,high,1.3862943611198906,9,localized,0.7,0.4063029180627545,0.0756284011177587,0
symmetric_tree,high,1.3862943611198906,9,localized,0.8,0.46434619207171945,0.09427178151040709,0
symmetric_tree,high,1.3862943611198906,9,localized,0.9,0.5223894660806844,0.11326092988098298,0
symmetric_tree,high,1.3862943611198906,10,regional,0.0,0.0,2.1942709178604383e-17,1
symmetric_tree,high,1.3862943611198906,10,regional,0.1,0.026740924761646623,0.0032078065687142572,1
symmetric_tree,high,1.3862943611198906,10,regional,0.2,0.05348184952329325,0.006415613137428516,1
symmetric_tree,high,1.3862943611198906,10,regional,0.3,0.08022277428493986,0.009623419706142772,1
symmetric_tree,high,1.3862943611198906,10,regional,0.4,0.1069636990465865,0.012831226274857036,0
symmetric_tree,high,1.3862943611198906,10,regional,0.5,0.13370462380823311,0.016039032843571287,0
symmetric_tree,high,1.3862943611198906,10,regional,0.6,0.16044554856987972,0.01924683941228554,0
symmetric_tree,high,1.3862943611198906,10,regional,0.7,0.18718647333152635,0.022456477874506067,0
symmetric_tree,high,1.3862943611198906,10,regional,0.8,0.213927398093173,0.026484387029721307,0
symmetric_tree,high,1.3862943611198906,10,regional,0.9,0.24066832285481962,0.03234242155888414,0
symmetric_tree,high,1.3862943611198906,11,multifocal,0.0,0.0,2.1942709178604383e-17,1
symmetric_tree,high,1.3862943611198906,11,multifocal,0.1,0.0230410956904696,0.0023354608531816353,1
symmetric_tree,high,1.3862943611198906,11,multifocal,0.2,0.0460821913809392,0.004670921706363284,1
symmetric_tree,high,1.3862943611198906,11,multifocal,0.3,0.06912328707140879,0.0070063825595449184,1
symmetric_tree,high,1.3862943611198906,11,multifocal,0.4,0.0921643827618784,0.009341843412726567,1
symmetric_tree,high,1.3862943611198906,11,multifocal,0.5,0.11520547845234799,0.011677304265908205,0
symmetric_tree,high,1.3862943611198906,11,multifocal,0.6,0.13824657414281757,0.01401276511908984,0
symmetric_tree,high,1.3862943611198906,11,multifocal,0.7,0.16128766983328718,0.016348225972271486,0
symmetric_tree,high,1.3862943611198906,11,multifocal,0.8,0.1843287655237568,0.01932445090454516,0
symmetric_tree,high,1.3862943611198906,11,multifocal,0.9,0.2073698612142264,0.02359877501509181,0
symmetric_tree,high,1.3862943611198906,12,localized,0.0,0.0,2.1942709178604383e-17,1
symmetric_tree,high,1.3862943611198906,12,localized,0.1,0.06824869407585805,0.01082129903451956,0
symmetric_tree,high,1.3862943611198906,12,localized,0.2,0.1364973881517161,0.021642598069039128,0
symmetric_tree,high,1.3862943611198906,12,localized,0.3,0.20474608222757415,0.035105822412137076,0
symmetric_tree,high,1.3862943611198906,12,localized,0.4,0.2729947763034322,0.05135372362312063,0
symmetric_tree,high,1.3862943611198906,12,localized,0.5,0.34124347037929026,0.07077711231413496,0
symmetric_tree,high,1.3862943611198906,12,localized,0.6,0.4094921644551483,0.09179116667612076,0
symmetric_tree,high,1.3862943611198906,12,localized,0.7,0.47774085853100634,0.11351590587519876,0
symmetric_tree,high,1.3862943611198906,12,localized,0.8,0.5459895526068644,0.13563942030491627,0
symmetric_tree,high,1.3862943611198906,12,localized,0.9,0.6142382466827225,0.15818612282004488,0
symmetric_tree,high,1.3862943611198906,13,regional,0.0,0.0,2.1942709178604383e-17,1
symmetric_tree,high,1.3862943611198906,13,regional,0.1,0.0346971381313438,0.0035849949376813607,1
symmetric_tree,high,1.3862943611198906,13,regional,0.2,0.0693942762626876,0.007169989875362725,1
symmetric_tree,high,1.3862943611198906,13,regional,0.3,0.10409141439403138,0.010754984813044075,0
symmetric_tree,high,1.3862943611198906,13,regional,0.4,0.1387885525253752,0.014339979750725443,0
symmetric_tree,high,1.3862943611198906,13,regional,0.5,0.17348569065671898,0.0179249746884068,0
symmetric_tree,high,1.3862943611198906,13,regional,0.6,0.20818282878806277,0.02231987721743755,0
symmetric_tree,high,1.3862943611198906,13,regional,0.7,0.24287996691940655,0.029920742595858165,0
symmetric_tree,high,1.3862943611198906,13,regional,0.8,0.2775771050507504,0.03913684451348206,0
symmetric_tree,high,1.3862943611198906,13,regional,0.9,0.3122742431820942,0.049066304139970596,0
symmetric_tree,high,1.3862943611198906,14,multifocal,0.0,0.0,2.1942709178604383e-17,1
symmetric_tree,high,1.3862943611198906,14,multifocal,0.1,0.02250283889337308,0.004303027740885899,1
symmetric_tree,high,1.3862943611198906,14,multifocal,0.2,0.04500567778674616,0.008606055481771794,1
symmetric_tree,high,1.3862943611198906,14,multifocal,0.3,0.06750851668011924,0.012909083222657696,0
symmetric_tree,high,1.3862943611198906,14,multifocal,0.4,0.09001135557349232,0.017212110963543588,0
symmetric_tree,high,1.3862943611198906,14,multifocal,0.5,0.1125141944668654,0.021555392668047815,0
symmetric_tree,high,1.3862943611198906,14,multifocal,0.6,0.1350170333602385,0.026767264429009764,0
symmetric_tree,high,1.3862943611198906,14,multifocal,0.7,0.15751987225361155,0.032732956795339926,0
symmetric_tree,high,1.3862943611198906,14,multifocal,0.8,0.18002271114698465,0.0391090143027526,0
symmetric_tree,high,1.3862943611198906,14,multifocal,0.9,0.20252555004035774,0.04572408624034473,0
symmetric_tree,high,1.3862943611198906,15,localized,0.0,0.0,2.1942709178604383e-17,1
symmetric_tree,high,1.3862943611198906,15,localized,0.1,0.05386408527840029,0.009690331376412462,1
symmetric_tree,high,1.3862943611198906,15,localized,0.2,0.10772817055680058,0.01938066275282492,0
symmetric_tree,high,1.3862943611198906,15,localized,0.3,0.16159225583520084,0.030453564964695992,0
symmetric_tree,high,1.3862943611198906,15,localized,0.4,0.21545634111360115,0.04454339559361553,0
symmetric_tree,high,1.3862943611198906,15,localized,0.5,0.26932042639200143,0.05971396846849258,0
symmetric_tree,high,1.3862943611198906,15,localized,0.6,0.3231845116704017,0.07599920479782583,0
symmetric_tree,high,1.3862943611198906,15,localized,0.7,0.377048596948802,0.09302354641159559,0
symmetric_tree,high,1.3862943611198906,15,localized,0.8,0.4309126822272023,0.11044573872051987,0
symmetric_tree,high,1.3862943611198906,15,localized,0.9,0.4847767675056026,0.12811506419356097,0
symmetric_tree,high,1.3862943611198906,16,regional,0.0,0.0,2.1942709178604383e-17,1
symmetric_tree,high,1.3862943611198906,16,regional,0.1,0.03842328835947636,0.0052453915714860645,1
symmetric_tree,high,1.3862943611198906,16,regional,0.2,0.07684657671895272,0.010490783142972132,0
symmetric_tree,high,1.3862943611198906,16,regional,0.3,0.11526986507842905,0.01573617471445819,0
symmetric_tree,high,1.3862943611198906,16,regional,0.4,0.15369315343790543,0.02098156628594427,0
symmetric_tree,high,1.3862943611198906,16,regional,0.5,0.19211644179738177,0.02622695785743032,0
symmetric_tree,high,1.3862943611198906,16,regional,0.6,0.2305397301568581,0.03167487354402734,0
symmetric_tree,high,1.3862943611198906,16,regional,0.7,0.2689630185163345,0.039451674782813105,0
symmetric_tree,high,1.3862943611198906,16,regional,0.8,0.30738630687581087,0.04903642370297284,0
symmetric_tree,high,1.3862943611198906,16,regional,0.9,0.3458095952352872,0.05956262446581744,0
symmetric_tree,high,1.3862943611198906,17,multifocal,0.0,0.0,2.1942709178604383e-17,1
symmetric_tree,high,1.3862943611198906,17,multifocal,0.1,0.04665495295907919,0.0016114548973493327,1
symmetric_tree,high,1.3862943611198906,17,multifocal,0.2,0.09330990591815838,0.003222909794698665,1
symmetric_tree,high,1.3862943611198906,17,multifocal,0.3,0.13996485887723756,0.004834364692048002,1
symmetric_tree,high,1.3862943611198906,17,multifocal,0.4,0.18661981183631676,0.006445819589397339,1
symmetric_tree,high,1.3862943611198906,17,multifocal,0.5,0.23327476479539594,0.010104765494884541,0
symmetric_tree,high,1.3862943611198906,17,multifocal,0.6,0.2799297177544751,0.02027394769361666,0
symmetric_tree,high,1.3862943611198906,17,multifocal,0.7,0.3265846707135543,0.03448563786376987,0
symmetric_tree,high,1.3862943611198906,17,multifocal,0.8,0.3732396236726335,0.04949622340800312,0
symmetric_tree,high,1.3862943611198906,17,multifocal,0.9,0.4198945766317127,0.06478302587364669,0
symmetric_tree,high,1.3862943611198906,18,localized,0.0,0.0,2.1942709178604383e-17,1
symmetric_tree,high,1.3862943611198906,18,localized,0.1,0.06086591506325082,0.005058420613521295,1
symmetric_tree,high,1.3862943611198906,18,localized,0.2,0.12173183012650164,0.010116841227042582,0
symmetric_tree,high,1.3862943611198906,18,localized,0.3,0.18259774518975244,0.019155280184899502,0
symmetric_tree,high,1.3862943611198906,18,localized,0.4,0.24346366025300328,0.03227458423988567,0
symmetric_tree,high,1.3862943611198906,18,localized,0.5,0.3043295753162541,0.04659130705095083,0
symmetric_tree,high,1.3862943611198906,18,localized,0.6,0.3651954903795049,0.06419431357323817,0
symmetric_tree,high,1.3862943611198906,18,localized,0.7,0.4260614054427557,0.08353957491779396,0
symmetric_tree,high,1.3862943611198906,18,localized,0.8,0.48692732050600657,0.1036561717392429,0
symmetric_tree,high,1.3862943611198906,18,localized,0.9,0.5477932355692574,0.12416977885825657,0
symmetric_tree,high,1.3862943611198906,19,regional,0.0,0.0,2.1942709178604383e-17,1
symmetric_tree,high,1.3862943611198906,19,regional,0.1,0.03487169666319958,0.00250705428191124,1
symmetric_tree,high,1.3862943611198906,19,regional,0.2,0.06974339332639916,0.005014108563822473,1
symmetric_tree,high,1.3862943611198906,19,regional,0.3,0.10461508998959874,0.007521162845733712,1
symmetric_tree,high,1.3862943611198906,19,regional,0.4,0.13948678665279832,0.010028217127644946,0
symmetric_tree,high,1.3862943611198906,19,regional,0.5,0.1743584833159979,0.012535271409556188,0
symmetric_tree,high,1.3862943611198906,19,regional,0.6,0.2092301799791975,0.015255804903535649,0
symmetric_tree,high,1.3862943611198906,19,regional,0.7,0.24410187664239705,0.021436367294390614,0
symmetric_tree,high,1.3862943611198906,19,regional,0.8,0.27897357330559663,0.029826966244903455,0
symmetric_tree,high,1.3862943611198906,19,regional,0.9,0.31384526996879625,0.03923172157060471,0
murray_tree,low,0.22314355131420976,0,localized,0.0,0.0,2.7755575615628914e-17,1
murray_tree,low,0.22314355131420976,0,localized,0.1,0.04305938993207347,0.009097966293803578,1
murray_tree,low,0.22314355131420976,0,localized,0.2,0.08611877986414694,0.02344637323027939,0
murray_tree,low,0.22314355131420976,0,localized,0.3,0.1291781697962204,0.03819705556128358,0
murray_tree,low,0.22314355131420976,0,localized,0.4,0.17223755972829388,0.05317162095557131,0
murray_tree,low,0.22314355131420976,0,localized,0.5,0.21529694966036733,0.06825654006660975,0
murray_tree,low,0.22314355131420976,0,localized,0.6,0.2583563395924408,0.08339194813659796,0
murray_tree,low,0.22314355131420976,0,localized,0.7,0.30141572952451423,0.0985545865573996,0
murray_tree,low,0.22314355131420976,0,localized,0.8,0.34447511945658776,0.11373356502947356,0
murray_tree,low,0.22314355131420976,0,localized,0.9,0.3875345093886612,0.12892311221211497,0
murray_tree,low,0.22314355131420976,1,regional,0.0,0.0,2.7755575615628914e-17,1
murray_tree,low,0.22314355131420976,1,regional,0.1,0.03754834429597262,0.008834861096406856,1
murray_tree,low,0.22314355131420976,1,regional,0.2,0.07509668859194524,0.021350316277037384,0
murray_tree,low,0.22314355131420976,1,regional,0.3,0.11264503288791786,0.03441115334974265,0
murray_tree,low,0.22314355131420976,1,regional,0.4,0.15019337718389048,0.047589611592227236,0
murray_tree,low,0.22314355131420976,1,regional,0.5,0.1877417214798631,0.06080972028154812,0
murray_tree,low,0.22314355131420976,1,regional,0.6,0.2252900657758357,0.07404917502931908,0
murray_tree,low,0.22314355131420976,1,regional,0.7,0.2628384100718083,0.08729917443428016,0
murray_tree,low,0.22314355131420976,1,regional,0.8,0.30038675436778095,0.10055555023902238,0
murray_tree,low,0.22314355131420976,1,regional,0.9,0.3379350986637536,0.11381607445093057,0
murray_tree,low,0.22314355131420976,2,multifocal,0.0,0.0,2.7755575615628914e-17,1
murray_tree,low,0.22314355131420976,2,multifocal,0.1,0.0387804883082509,0.006060572526727985,1
murray_tree,low,0.22314355131420976,2,multifocal,0.2,0.0775609766165018,0.018201599482865934,0
murray_tree,low,0.22314355131420976,2,multifocal,0.3,0.11634146492475267,0.03136406791467912,0
murray_tree,low,0.22314355131420976,2,multifocal,0.4,0.1551219532330036,0.04483798000195527,0
murray_tree,low,0.22314355131420976,2,multifocal,0.5,0.19390244154125447,0.058422304931519696,0
murray_tree,low,0.22314355131420976,2,multifocal,0.6,0.23268292984950534,0.07205462195254235,0
murray_tree,low,0.22314355131420976,2,multifocal,0.7,0.2714634181577562,0.08571203500263379,0
murray_tree,low,0.22314355131420976,2,multifocal,0.8,0.3102439064660072,0.09938419850367684,0
murray_tree,low,0.22314355131420976,2,multifocal,0.9,0.34902439477425806,0.11306576161022558,0
murray_tree,low,0.22314355131420976,3,localized,0.0,0.0,2.7755575615628914e-17,1
murray_tree,low,0.22314355131420976,3,localized,0.1,0.044824635185581996,0.00736102835009239,1
murray_tree,low,0.22314355131420976,3,localized,0.2,0.08964927037116399,0.021284088142597562,0
murray_tree,low,0.22314355131420976,3,localized,0.3,0.13447390555674596,0.03675072999198593,0
murray_tree,low,0.22314355131420976,3,localized,0.4,0.17929854074232798,0.05244551345640518,0
murray_tree,low,0.22314355131420976,3,localized,0.5,0.22412317592790995,0.06821113976725666,0
murray_tree,low,0.22314355131420976,3,localized,0.6,0.2689478111134919,0.08400773342300458,0
murray_tree,low,0.22314355131420976,3,localized,0.7,0.3137724462990739,0.09982059377339482,0
murray_tree,low,0.22314355131420976,3,localized,0.8,0.35859708148465597,0.11564304815922032,0
murray_tree,low,0.22314355131420976,3,localized,0.9,0.4034217166702379,0.13147163273390391,0
murray_tree,low,0.22314355131420976,4,regional,0.0,0.0,2.7755575615628914e-17,1
murray_tree,low,0.22314355131420976,4,regional,0.1,0.026227919197318473,0.004346439881209626,1
murray_tree,low,0.22314355131420976,4,regional,0.2,0.052455838394636946,0.011952193316846618,0
murray_tree,low,0.22314355131420976,4,regional,0.3,0.07868375759195541,0.02052646671499888,0
murray_tree,low,0.22314355131420976,4,regional,0.4,0.10491167678927389,0.029508566049040116,0
murray_tree,low,0.22314355131420976,4,regional,0.5,0.13113959598659236,0.03862163126593782,0
murray_tree,low,0.22314355131420976,4,regional,0.6,0.15736751518391082,0.04779080068293963,0
murray_tree,low,0.22314355131420976,4,regional,0.7,0.1835954343812293,0.05698900029912578,0
murray_tree,low,0.22314355131420976,4,regional,0.8,0.20982335357854778,0.06620413111863903,0
murray_tree,low,0.22314355131420976,4,regional,0.9,0.23605127277586627,0.07542998804293313,0
murray_tree,low,0.22314355131420976,5,multifocal,0.0,0.0,2.7755575615628914e-17,1
murray_tree,low,0.22314355131420976,5,multifocal,0.1,0.024066944043260756,0.0033295127172267595,1
murray_tree,low,0.22314355131420976,5,multifocal,0.2,0.04813388808652151,0.0102515145361145,0
murray_tree,low,0.22314355131420976,5,multifocal,0.3,0.07220083212978226,0.018101690992379103,0
murray_tree,low,0.22314355131420976,5,multifocal,0.4,0.09626777617304302,0.026071873171106222,0
murray_tree,low,0.22314355131420976,5,multifocal,0.5,0.12033472021630377,0.034212631031048275,0
murray_tree,low,0.22314355131420976,5,multifocal,0.6,0.14440166425956452,0.04249788373999824,0
murray_tree,low,0.22314355131420976,5,multifocal,0.7,0.16846860830282528,0.050857060194092314,0
murray_tree,low,0.22314355131420976,5,multifocal,0.8,0.19253555234608605,0.05925888515394136,0
murray_tree,low,0.22314355131420976,5,multifocal,0.9,0.21660249638934678,0.06768747902445367,0
murray_tree,low,0.22314355131420976,6,localized,0.0,0.0,2.7755575615628914e-17,1
murray_tree,low,0.22314355131420976,6,localized,0.1,0.05316451318642206,0.014451368048178566,0
murray_tree,low,0.22314355131420976,6,localized,0.2,0.10632902637284412,0.03255054869780382,0
murray_tree,low,0.22314355131420976,6,localized,0.3,0.15949353955926618,0.05107571640831499,0
murray_tree,low,0.22314355131420976,6,localized,0.4,0.21265805274568825,0.0697037019662911,0
murray_tree,low,0.22314355131420976,6,localized,0.5,0.2658225659321103,0.08840143632848753,0
murray_tree,low,0.22314355131420976,6,localized,0.6,0.31898707911853236,0.10713373972591946,0
murray_tree,low,0.22314355131420976,6,localized,0.7,0.37215159230495437,0.1258851810022521,0
murray_tree,low,0.22314355131420976,6,localized,0.8,0.4253161054913765,0.1446483175493784,0
murray_tree,low,0.22314355131420976,6,localized,0.9,0.4784806186777985,0.16341912100286538,0
murray_tree,low,0.22314355131420976,7,regional,0.0,0.0,2.7755575615628914e-17,1
murray_tree,low,0.22314355131420976,7,regional,0.1,0.032905029976929505,0.004804406552739421,1
murray_tree,low,0.22314355131420976,7,regional,0.2,0.06581005995385901,0.014469149780818385,0
murray_tree,low,0.22314355131420976,7,regional,0.3,0.0987150899307885,0.02554075866650465,0
murray_tree,low,0.22314355131420976,7,regional,0.4,0.13162011990771802,0.03695885067050769,0
murray_tree,low,0.22314355131420976,7,regional,0.5,0.1645251498846475,0.0484795645809118,0
murray_tree,low,0.22314355131420976,7,regional,0.6,0.197430179861577,0.06004385872402244,0
murray_tree,low,0.22314355131420976,7,regional,0.7,0.2303352098385065,0.0716306289825211,0
murray_tree,low,0.22314355131420976,7,regional,0.8,0.26324023981543604,0.08323048897993138,0
murray_tree,low,0.22314355131420976,7,regional,0.9,0.2961452697923655,0.09483863575933077,0
murray_tree,low,0.22314355131420976,8,multifocal,0.0,0.0,2.7755575615628914e-17,1
murray_tree,low,0.22314355131420976,8,multifocal,0.1,0.02929983243089146,0.006788694747019406,1
murray_tree,low,0.22314355131420976,8,multifocal,0.2,0.05859966486178292,0.016354641068155255,0
murray_tree,low,0.22314355131420976,8,multifocal,0.3,0.08789949729267438,0.026432449234446057,0
murray_tree,low,0.22314355131420976,8,multifocal,0.4,0.11719932972356584,0.03660746254348637,0
murray_tree,low,0.22314355131420976,8,multifocal,0.5,0.1464991621544573,0.046816344458872054,0
murray_tree,low,0.22314355131420976,8,multifocal,0.6,0.17579899458534876,0.05704091300451436,0
murray_tree,low,0.22314355131420976,8,multifocal,0.7,0.20509882701624021,0.06727581036883262,0
murray_tree,low,0.22314355131420976,8,multifocal,0.8,0.23439865944713167,0.07753140914702142,0
murray_tree,low,0.22314355131420976,8,multifocal,0.9,0.26369849187802313,0.08780357204700073,0
murray_tree,low,0.22314355131420976,9,localized,0.0,0.0,2.7755575615628914e-17,1
murray_tree,low,0.22314355131420976,9,localized,0.1,0.04548255248870212,0.008722645653778999,1
murray_tree,low,0.22314355131420976,9,localized,0.2,0.09096510497740425,0.02315692880326775,0
murray_tree,low,0.22314355131420976,9,localized,0.3,0.13644765746610635,0.03890425396740532,0
murray_tree,low,0.22314355131420976,9,localized,0.4,0.1819302099548085,0.054845030975318766,0
murray_tree,low,0.22314355131420976,9,localized,0.5,0.2274127624435106,0.07084880160856298,0
murray_tree,low,0.22314355131420976,9,localized,0.6,0.2728953149322127,0.08688076183377937,0
murray_tree,low,0.22314355131420976,9,localized,0.7,0.31837786742091484,0.10292774011426084,0
murray_tree,low,0.22314355131420976,9,localized,0.8,0.363860419909617,0.11898366028157933,0
murray_tree,low,0.22314355131420976,9,localized,0.9,0.4093429723983191,0.13504533299502905,0
murray_tree,low,0.22314355131420976,10,regional,0.0,0.0,2.7755575615628914e-17,1
murray_tree,low,0.22314355131420976,10,regional,0.1,0.02582749915880956,0.0034104331184984077,1
murray_tree,low,0.22314355131420976,10,regional,0.2,0.05165499831761912,0.010964848899112273,0
murray_tree,low,0.22314355131420976,10,regional,0.3,0.07748249747642867,0.01922430945280852,0
murray_tree,low,0.22314355131420976,10,regional,0.4,0.10330999663523824,0.02795898339450362,0
murray_tree,low,0.22314355131420976,10,regional,0.5,0.1291374957940478,0.03688471930895914,0
murray_tree,low,0.22314355131420976,10,regional,0.6,0.15496499495285734,0.045890166398446,0
murray_tree,low,0.22314355131420976,10,regional,0.7,0.1807924941116669,0.054936266320195465,0
murray_tree,low,0.22314355131420976,10,regional,0.8,0.20661999327047648,0.0640064749695059,0
murray_tree,low,0.22314355131420976,10,regional,0.9,0.23244749242928603,0.07309192326817036,0
murray_tree,low,0.22314355131420976,11,multifocal,0.0,0.0,2.7755575615628914e-17,1
murray_tree,low,0.22314355131420976,11,multifocal,0.1,0.02833027751487748,0.00673260606897832,1
murray_tree,low,0.22314355131420976,11,multifocal,0.2,0.05666055502975496,0.015415264537516645,0
murray_tree,low,0.22314355131420976,11,multifocal,0.3,0.08499083254463242,0.024972826492815486,0
murray_tree,low,0.22314355131420976,11,multifocal,0.4,0.11332111005950991,0.03478092534320613,0
murray_tree,low,0.22314355131420976,11,multifocal,0.5,0.1416513875743874,0.04467485304765816,0
murray_tree,low,0.22314355131420976,11,multifocal,0.6,0.16998166508926485,0.05460797784519023,0
murray_tree,low,0.22314355131420976,11,multifocal,0.7,0.19831194260414234,0.06456221043507174,0
murray_tree,low,0.22314355131420976,11,multifocal,0.8,0.22664222011901983,0.07452909371913057,0
murray_tree,low,0.22314355131420976,11,multifocal,0.9,0.2549724976338973,0.08450415153907037,0
murray_tree,low,0.22314355131420976,12,localized,0.0,0.0,2.7755575615628914e-17,1
murray_tree,low,0.22314355131420976,12,localized,0.1,0.053137074995445156,0.011502674293045802,0
murray_tree,low,0.22314355131420976,12,localized,0.2,0.10627414999089031,0.029229761705982283,0
murray_tree,low,0.22314355131420976,12,localized,0.3,0.15941122498633545,0.0476266138239183,0
murray_tree,low,0.22314355131420976,12,localized,0.4,0.21254829998178063,0.0662030269821256,0
murray_tree,low,0.22314355131420976,12,localized,0.5,0.2656853749772258,0.08487210615760249,0
murray_tree,low,0.22314355131420976,12,localized,0.6,0.3188224499726709,0.10358375939512203,0
murray_tree,low,0.22314355131420976,12,localized,0.7,0.3719595249681161,0.12231844996562705,0
murray_tree,low,0.22314355131420976,12,localized,0.8,0.42509659996356125,0.14106699960773456,0
murray_tree,low,0.22314355131420976,12,localized,0.9,0.4782336749590064,0.15982453109404524,0
murray_tree,low,0.22314355131420976,13,regional,0.0,0.0,2.7755575615628914e-17,1
murray_tree,low,0.22314355131420976,13,regional,0.1,0.02546113359030809,0.003278250678634318,1
murray_tree,low,0.22314355131420976,13,regional,0.2,0.05092226718061618,0.010635059751403587,0
murray_tree,low,0.22314355131420976,13,regional,0.3,0.07638340077092426,0.018736106026755153,0
murray_tree,low,0.22314355131420976,13,regional,0.4,0.10184453436123236,0.027331395753981684,0
murray_tree,low,0.22314355131420976,13,regional,0.5,0.12730566795154044,0.0361252553537716,0
murray_tree,low,0.22314355131420976,13,regional,0.6,0.15276680154184852,0.04500144759688867,0
murray_tree,low,0.22314355131420976,13,regional,0.7,0.1782279351321566,0.0539193270375448,0
murray_tree,low,0.22314355131420976,13,regional,0.8,0.20368906872246473,0.06286115415321121,0
murray_tree,low,0.22314355131420976,13,regional,0.9,0.2291502023127728,0.07181798455604091,0
murray_tree,low,0.22314355131420976,14,multifocal,0.0,0.0,2.7755575615628914e-17,1
murray_tree,low,0.22314355131420976,14,multifocal,0.1,0.040042586086678864,0.010683779932099699,0
murray_tree,low,0.22314355131420976,14,multifocal,0.2,0.08008517217335773,0.02409880462905116,0
murray_tree,low,0.22314355131420976,14,multifocal,0.3,0.12012775826003658,0.03794894410298329,0
murray_tree,low,0.22314355131420976,14,multifocal,0.4,0.16017034434671545,0.05189202781264226,0
murray_tree,low,0.22314355131420976,14,multifocal,0.5,0.2002129304333943,0.0659041887784625,0
murray_tree,low,0.22314355131420976,14,multifocal,0.6,0.24025551652007315,0.07996626414063643,0
murray_tree,low,0.22314355131420976,14,multifocal,0.7,0.28029810260675203,0.09405688107629406,0
murray_tree,low,0.22314355131420976,14,multifocal,0.8,0.3203406886934309,0.10816488584618153,0
murray_tree,low,0.22314355131420976,14,multifocal,0.9,0.36038327478010973,0.12228426046536858,0
murray_tree,low,0.22314355131420976,15,localized,0.0,0.0,2.7755575615628914e-17,1
murray_tree,low,0.22314355131420976,15,localized,0.1,0.05093270644280321,0.01397837611935119,0
murray_tree,low,0.22314355131420976,15,localized,0.2,0.10186541288560642,0.031212654130888605,0
murray_tree,low,0.22314355131420976,15,localized,0.3,0.15279811932840962,0.048932794182311126,0
murray_tree,low,0.22314355131420976,15,localized,0.4,0.20373082577121285,0.06680675161598235,0
murray_tree,low,0.22314355131420976,15,localized,0.5,0.25466353221401605,0.08473724637293738,0
murray_tree,low,0.22314355131420976,15,localized,0.6,0.30559623865681923,0.10269466846264905,0
murray_tree,low,0.22314355131420976,15,localized,0.7,0.35652894509962246,0.1206669966678384,0
murray_tree,low,0.22314355131420976,15,localized,0.8,0.4074616515424257,0.1386484344859906,0
murray_tree,low,0.22314355131420976,15,localized,0.9,0.45839435798522893,0.1566358446601324,0
murray_tree,low,0.22314355131420976,16,regional,0.0,0.0,2.7755575615628914e-17,1
murray_tree,low,0.22314355131420976,16,regional,0.1,0.034862940988006394,0.005306621755436584,1
murray_tree,low,0.22314355131420976,16,regional,0.2,0.06972588197601279,0.015922344652458773,0
murray_tree,low,0.22314355131420976,16,regional,0.3,0.10458882296401917,0.027789447200191723,0
murray_tree,low,0.22314355131420976,16,regional,0.4,0.13945176395202558,0.03983391087685083,0
murray_tree,low,0.22314355131420976,16,regional,0.5,0.17431470494003196,0.05199252069230423,0
murray_tree,low,0.22314355131420976,16,regional,0.6,0.20917764592803834,0.0642149524933078,0
murray_tree,low,0.22314355131420976,16,regional,0.7,0.24404058691604472,0.07647061006085393,0
murray_tree,low,0.22314355131420976,16,regional,0.8,0.27890352790405115,0.08874572917061349,0
murray_tree,low,0.22314355131420976,16,regional,0.9,0.3137664688920575,0.10103321658025087,0
murray_tree,low,0.22314355131420976,17,multifocal,0.0,0.0,2.7755575615628914e-17,1
murray_tree,low,0.22314355131420976,17,multifocal,0.1,0.03169551675701195,0.005286650199494241,1
murray_tree,low,0.22314355131420976,17,multifocal,0.2,0.0633910335140239,0.014460993894167684,0
murray_tree,low,0.22314355131420976,17,multifocal,0.3,0.09508655027103584,0.025232806627567342,0
murray_tree,low,0.22314355131420976,17,multifocal,0.4,0.1267820670280478,0.03624289764815646,0
murray_tree,low,0.22314355131420976,17,multifocal,0.5,0.15847758378505974,0.04732525375841922,0
murray_tree,low,0.22314355131420976,17,multifocal,0.6,0.19017310054207168,0.05843877625683383,0
murray_tree,low,0.22314355131420976,17,multifocal,0.7,0.22186861729908364,0.06956853032246182,0
murray_tree,low,0.22314355131420976,17,multifocal,0.8,0.2535641340560956,0.08070794733987495,0
murray_tree,low,0.22314355131420976,17,multifocal,0.9,0.28525965081310756,0.09185996940587866,0
murray_tree,low,0.22314355131420976,18,localized,0.0,0.0,2.7755575615628914e-17,1
murray_tree,low,0.22314355131420976,18,localized,0.1,0.056452378923332894,0.013376305071939393,0
murray_tree,low,0.22314355131420976,18,localized,0.2,0.11290475784666579,0.031924677737502606,0
murray_tree,low,0.22314355131420976,18,localized,0.3,0.16935713676999867,0.05153710061424702,0
murray_tree,low,0.22314355131420976,18,localized,0.4,0.22580951569333158,0.07134198064483867,0
murray_tree,low,0.22314355131420976,18,localized,0.5,0.28226189461666445,0.09121404188204764,0
murray_tree,low,0.22314355131420976,18,localized,0.6,0.33871427353999733,0.11111724637569649,0
murray_tree,low,0.22314355131420976,18,localized,0.7,0.3951666524633302,0.13103740389408064,0
murray_tree,low,0.22314355131420976,18,localized,0.8,0.45161903138666315,0.1509678037463932,0
murray_tree,low,0.22314355131420976,18,localized,0.9,0.508071410309996,0.17090486268168165,0
murray_tree,low,0.22314355131420976,19,regional,0.0,0.0,2.7755575615628914e-17,1
murray_tree,low,0.22314355131420976,19,regional,0.1,0.04362783273344925,0.007550896087554436,1
murray_tree,low,0.22314355131420976,19,regional,0.2,0.0872556654668985,0.02185715022253571,0
murray_tree,low,0.22314355131420976,19,regional,0.3,0.13088349820034773,0.03692441656176135,0
murray_tree,low,0.22314355131420976,19,regional,0.4,0.174511330933797,0.052128876789478924,0
murray_tree,low,0.22314355131420976,19,regional,0.5,0.21813916366724623,0.06742697959284948,0
murray_tree,low,0.22314355131420976,19,regional,0.6,0.26176699640069545,0.08277211067715297,0
murray_tree,low,0.22314355131420976,19,regional,0.7,0.3053948291341447,0.09814221304893035,0
murray_tree,low,0.22314355131420976,19,regional,0.8,0.349022661867594,0.11352714479624192,0
murray_tree,low,0.22314355131420976,19,regional,0.9,0.39265049460104323,0.12892159701262842,0
murray_tree,frozen,0.6931471805599453,0,localized,0.0,0.0,2.7755575615628914e-17,1
murray_tree,frozen,0.6931471805599453,0,localized,0.1,0.04305938993207347,0.003433504630165956,1
murray_tree,frozen,0.6931471805599453,0,localized,0.2,0.08611877986414694,0.011563649028948918,0
murray_tree,frozen,0.6931471805599453,0,localized,0.3,0.1291781697962204,0.02434954167688367,0
murray_tree,frozen,0.6931471805599453,0,localized,0.4,0.17223755972829388,0.03808959074845407,0
murray_tree,frozen,0.6931471805599453,0,localized,0.5,0.21529694966036733,0.052458018668869705,0
murray_tree,frozen,0.6931471805599453,0,localized,0.6,0.2583563395924408,0.06705346813038174,0
murray_tree,frozen,0.6931471805599453,0,localized,0.7,0.30141572952451423,0.0817544403707262,0
murray_tree,frozen,0.6931471805599453,0,localized,0.8,0.34447511945658776,0.09651272723697642,0
murray_tree,frozen,0.6931471805599453,0,localized,0.9,0.3875345093886612,0.11130553258251477,0
murray_tree,frozen,0.6931471805599453,1,regional,0.0,0.0,2.7755575615628914e-17,1
murray_tree,frozen,0.6931471805599453,1,regional,0.1,0.03754834429597262,0.004928876888708036,1
murray_tree,frozen,0.6931471805599453,1,regional,0.2,0.07509668859194524,0.013711140619238695,0
murray_tree,frozen,0.6931471805599453,1,regional,0.3,0.11264503288791786,0.024909538187585942,0
murray_tree,frozen,0.6931471805599453,1,regional,0.4,0.15019337718389048,0.036629754119631146,0
murray_tree,frozen,0.6931471805599453,1,regional,0.5,0.1877417214798631,0.04904534631446732,0
murray_tree,frozen,0.6931471805599453,1,regional,0.6,0.2252900657758357,0.061764524161602566,0
murray_tree,frozen,0.6931471805599453,1,regional,0.7,0.2628384100718083,0.07464182145994878,0
murray_tree,frozen,0.6931471805599453,1,regional,0.8,0.30038675436778095,0.08763548484525666,0
murray_tree,frozen,0.6931471805599453,1,regional,0.9,0.3379350986637536,0.10070250614966117,0
murray_tree,frozen,0.6931471805599453,2,multifocal,0.0,0.0,2.7755575615628914e-17,1
murray_tree,frozen,0.6931471805599453,2,multifocal,0.1,0.0387804883082509,0.0018328343119338212,1
murray_tree,frozen,0.6931471805599453,2,multifocal,0.2,0.0775609766165018,0.009161705695237998,1
murray_tree,frozen,0.6931471805599453,2,multifocal,0.3,0.11634146492475267,0.018894117571152703,0
murray_tree,frozen,0.6931471805599453,2,multifocal,0.4,0.1551219532330036,0.03004958340411259,0
murray_tree,frozen,0.6931471805599453,2,multifocal,0.5,0.19390244154125447,0.04232644425740311,0
murray_tree,frozen,0.6931471805599453,2,multifocal,0.6,0.23268292984950534,0.05507450099826327,0
murray_tree,frozen,0.6931471805599453,2,multifocal,0.7,0.2714634181577562,0.06804040547118584,0
murray_tree,frozen,0.6931471805599453,2,multifocal,0.8,0.3102439064660072,0.0812227046349223,0
murray_tree,frozen,0.6931471805599453,2,multifocal,0.9,0.34902439477425806,0.0945554878793234,0
murray_tree,frozen,0.6931471805599453,3,localized,0.0,0.0,2.7755575615628914e-17,1
murray_tree,frozen,0.6931471805599453,3,localized,0.1,0.044824635185581996,0.00645269621533742,1
murray_tree,frozen,0.6931471805599453,3,localized,0.2,0.08964927037116399,0.012905392430674836,0
murray_tree,frozen,0.6931471805599453,3,localized,0.3,0.13447390555674596,0.02114079775590141,0
murray_tree,frozen,0.6931471805599453,3,localized,0.4,0.17929854074232798,0.03199312512868831,0
murray_tree,frozen,0.6931471805599453,3,localized,0.5,0.22412317592790995,0.0450320476502716,0
murray_tree,frozen,0.6931471805599453,3,localized,0.6,0.2689478111134919,0.05943077259807663,0
murray_tree,frozen,0.6931471805599453,3,localized,0.7,0.3137724462990739,0.07442083127399471,0
murray_tree,frozen,0.6931471805599453,3,localized,0.8,0.35859708148465597,0.08970627348909671,0
murray_tree,frozen,0.6931471805599453,3,localized,0.9,0.4034217166702379,0.10515837037045109,0
murray_tree,frozen,0.6931471805599453,4,regional,0.0,0.0,2.7755575615628914e-17,1
murray_tree,frozen,0.6931471805599453,4,regional,0.1,0.026227919197318473,0.0024302353306306724,1
murray_tree,frozen,0.6931471805599453,4,regional,0.2,0.052455838394636946,0.007387835235334196,1
murray_tree,frozen,0.6931471805599453,4,regional,0.3,0.07868375759195541,0.013670643544077465,0
murray_tree,frozen,0.6931471805599453,4,regional,0.4,0.10491167678927389,0.020468336547205514,0
murray_tree,frozen,0.6931471805599453,4,regional,0.5,0.13113959598659236,0.028237518559636708,0
murray_tree,frozen,0.6931471805599453,4,regional,0.6,0.15736751518391082,0.03640188849396279,0
murray_tree,frozen,0.6931471805599453,4,regional,0.7,0.1835954343812293,0.044769350396679584,0
murray_tree,frozen,0.6931471805599453,4,regional,0.8,0.20982335357854778,0.05340049404949443,0
murray_tree,frozen,0.6931471805599453,4,regional,0.9,0.23605127277586627,0.0622142017147836,0
murray_tree,frozen,0.6931471805599453,5,multifocal,0.0,0.0,2.7755575615628914e-17,1
murray_tree,frozen,0.6931471805599453,5,multifocal,0.1,0.024066944043260756,0.003190710396584693,1
murray_tree,frozen,0.6931471805599453,5,multifocal,0.2,0.04813388808652151,0.0063851399306083766,1
murray_tree,frozen,0.6931471805599453,5,multifocal,0.3,0.07220083212978226,0.010213276473753832,0
murray_tree,frozen,0.6931471805599453,5,multifocal,0.4,0.09626777617304302,0.015991728089362812,0
murray_tree,frozen,0.6931471805599453,5,multifocal,0.5,0.12033472021630377,0.023063710003100053,0
murray_tree,frozen,0.6931471805599453,5,multifocal,0.6,0.14440166425956452,0.030543560234495903,0
murray_tree,frozen,0.6931471805599453,5,multifocal,0.7,0.16846860830282528,0.038202925138641305,0
murray_tree,frozen,0.6931471805599453,5,multifocal,0.8,0.19253555234608605,0.04600204812469406,0
murray_tree,frozen,0.6931471805599453,5,multifocal,0.9,0.21660249638934678,0.05388701453540799,0
murray_tree,frozen,0.6931471805599453,6,localized,0.0,0.0,2.7755575615628914e-17,1
murray_tree,frozen,0.6931471805599453,6,localized,0.1,0.05316451318642206,0.010020814922463733,0
murray_tree,frozen,0.6931471805599453,6,localized,0.2,0.10632902637284412,0.025139120547471732,0
murray_tree,frozen,0.6931471805599453,6,localized,0.3,0.15949353955926618,0.041643403076366,0
murray_tree,frozen,0.6931471805599453,6,localized,0.4,0.21265805274568825,0.05900591140878636,0
murray_tree,frozen,0.6931471805599453,6,localized,0.5,0.2658225659321103,0.07698511465433429,0
murray_tree,frozen,0.6931471805599453,6,localized,0.6,0.31898707911853236,0.09523403055233415,0
murray_tree,frozen,0.6931471805599453,6,localized,0.7,0.37215159230495437,0.1136227779623755,0
murray_tree,frozen,0.6931471805599453,6,localized,0.8,0.4253161054913765,0.13209297168386416,0
murray_tree,frozen,0.6931471805599453,6,localized,0.9,0.4784806186777985,0.15061465089559994,0
murray_tree,frozen,0.6931471805599453,7,regional,0.0,0.0,2.7755575615628914e-17,1
murray_tree,frozen,0.6931471805599453,7,regional,0.1,0.032905029976929505,0.0036464643043076376,1
murray_tree,frozen,0.6931471805599453,7,regional,0.2,0.06581005995385901,0.007292928608615271,1
murray_tree,frozen,0.6931471805599453,7,regional,0.3,0.0987150899307885,0.012846035647342262,0
murray_tree,frozen,0.6931471805599453,7,regional,0.4,0.13162011990771802,0.021504021806457926,0
murray_tree,frozen,0.6931471805599453,7,regional,0.5,0.1645251498846475,0.031023451414676884,0
murray_tree,frozen,0.6931471805599453,7,regional,0.6,0.197430179861577,0.04092279272534406,0
murray_tree,frozen,0.6931471805599453,7,regional,0.7,0.2303352098385065,0.051478577768505174,0
murray_tree,frozen,0.6931471805599453,7,regional,0.8,0.26324023981543604,0.06241851433732279,0
murray_tree,frozen,0.6931471805599453,7,regional,0.9,0.2961452697923655,0.07357143367824955,0
murray_tree,frozen,0.6931471805599453,8,multifocal,0.0,0.0,2.7755575615628914e-17,1
murray_tree,frozen,0.6931471805599453,8,multifocal,0.1,0.02929983243089146,0.006091494795772474,1
murray_tree,frozen,0.6931471805599453,8,multifocal,0.2,0.05859966486178292,0.012182989591544943,0
murray_tree,frozen,0.6931471805599453,8,multifocal,0.3,0.08789949729267438,0.019658190684259818,0
murray_tree,frozen,0.6931471805599453,8,multifocal,0.4,0.11719932972356584,0.02868671902094982,0
murray_tree,frozen,0.6931471805599453,8,multifocal,0.5,0.1464991621544573,0.03836113683095971,0
murray_tree,frozen,0.6931471805599453,8,multifocal,0.6,0.17579899458534876,0.04830098006497721,0
murray_tree,frozen,0.6931471805599453,8,multifocal,0.7,0.20509882701624021,0.05837080963125371,0
murray_tree,frozen,0.6931471805599453,8,multifocal,0.8,0.23439865944713167,0.06851333479167264,0
murray_tree,frozen,0.6931471805599453,8,multifocal,0.9,0.26369849187802313,0.07870045461775048,0
murray_tree,frozen,0.6931471805599453,9,localized,0.0,0.0,2.7755575615628914e-17,1
murray_tree,frozen,0.6931471805599453,9,localized,0.1,0.04548255248870212,0.0074830428149872275,1
murray_tree,frozen,0.6931471805599453,9,localized,0.2,0.09096510497740425,0.015090958358267214,0
murray_tree,frozen,0.6931471805599453,9,localized,0.3,0.13644765746610635,0.024994870735387344,0
murray_tree,frozen,0.6931471805599453,9,localized,0.4,0.1819302099548085,0.03709928344469739,0
murray_tree,frozen,0.6931471805599453,9,localized,0.5,0.2274127624435106,0.05127572576436553,0
murray_tree,frozen,0.6931471805599453,9,localized,0.6,0.2728953149322127,0.06630364005467088,0
murray_tree,frozen,0.6931471805599453,9,localized,0.7,0.31837786742091484,0.08171459311298573,0
murray_tree,frozen,0.6931471805599453,9,localized,0.8,0.363860419909617,0.09732680094417358,0
murray_tree,frozen,0.6931471805599453,9,localized,0.9,0.4093429723983191,0.11305691950392635,0
murray_tree,frozen,0.6931471805599453,10,regional,0.0,0.0,2.7755575615628914e-17,1
murray_tree,frozen,0.6931471805599453,10,regional,0.1,0.02582749915880956,0.003118371092822417,1
murray_tree,frozen,0.6931471805599453,10,regional,0.2,0.05165499831761912,0.006236742185644837,1
murray_tree,frozen,0.6931471805599453,10,regional,0.3,0.07748249747642867,0.009473930568461584,1
murray_tree,frozen,0.6931471805599453,10,regional,0.4,0.10330999663523824,0.01541585303783169,0
murray_tree,frozen,0.6931471805599453,10,regional,0.5,0.1291374957940478,0.0229338305635713,0
murray_tree,frozen,0.6931471805599453,10,regional,0.6,0.15496499495285734,0.030898083091346416,0
murray_tree,frozen,0.6931471805599453,10,regional,0.7,0.1807924941116669,0.03903641105541693,0
murray_tree,frozen,0.6931471805599453,10,regional,0.8,0.20661999327047648,0.047258968804045925,0
murray_tree,frozen,0.6931471805599453,10,regional,0.9,0.23244749242928603,0.05553217003950383,0
murray_tree,frozen,0.6931471805599453,11,multifocal,0.0,0.0,2.7755575615628914e-17,1
murray_tree,frozen,0.6931471805599453,11,multifocal,0.1,0.02833027751487748,0.00564738391862585,1
murray_tree,frozen,0.6931471805599453,11,multifocal,0.2,0.05666055502975496,0.012813534718113771,0
murray_tree,frozen,0.6931471805599453,11,multifocal,0.3,0.08499083254463242,0.020934400726474636,0
murray_tree,frozen,0.6931471805599453,11,multifocal,0.4,0.11332111005950991,0.029405041684519014,0
murray_tree,frozen,0.6931471805599453,11,multifocal,0.5,0.1416513875743874,0.0381649660752512,0
murray_tree,frozen,0.6931471805599453,11,multifocal,0.6,0.16998166508926485,0.04737174234237361,0
murray_tree,frozen,0.6931471805599453,11,multifocal,0.7,0.19831194260414234,0.056852510681570025,0
murray_tree,frozen,0.6931471805599453,11,multifocal,0.8,0.22664222011901983,0.06649016942573147,0
murray_tree,frozen,0.6931471805599453,11,multifocal,0.9,0.2549724976338973,0.07622523172116669,0
murray_tree,frozen,0.6931471805599453,12,localized,0.0,0.0,2.7755575615628914e-17,1
murray_tree,frozen,0.6931471805599453,12,localized,0.1,0.053137074995445156,0.005680715752490966,1
murray_tree,frozen,0.6931471805599453,12,localized,0.2,0.10627414999089031,0.017502702723745458,0
murray_tree,frozen,0.6931471805599453,12,localized,0.3,0.15941122498633545,0.03377890199360418,0
murray_tree,frozen,0.6931471805599453,12,localized,0.4,0.21254829998178063,0.05084553445681392,0
murray_tree,frozen,0.6931471805599453,12,localized,0.5,0.2656853749772258,0.06857651353477211,0
murray_tree,frozen,0.6931471805599453,12,localized,0.6,0.3188224499726709,0.08667090115028722,0
murray_tree,frozen,0.6931471805599453,12,localized,0.7,0.3719595249681161,0.10494088367768435,0
murray_tree,frozen,0.6931471805599453,12,localized,0.8,0.42509659996356125,0.12331506212072678,0
murray_tree,frozen,0.6931471805599453,12,localized,0.9,0.4782336749590064,0.1417905949658038,0
murray_tree,frozen,0.6931471805599453,13,regional,0.0,0.0,2.7755575615628914e-17,1
murray_tree,frozen,0.6931471805599453,13,regional,0.1,0.02546113359030809,0.00303419754567225,1
murray_tree,frozen,0.6931471805599453,13,regional,0.2,0.05092226718061618,0.006068395091344504,1
murray_tree,frozen,0.6931471805599453,13,regional,0.3,0.07638340077092426,0.009164680050407084,1
murray_tree,frozen,0.6931471805599453,13,regional,0.4,0.10184453436123236,0.014798319701107811,0
murray_tree,frozen,0.6931471805599453,13,regional,0.5,0.12730566795154044,0.022111571714795084,0
murray_tree,frozen,0.6931471805599453,13,regional,0.6,0.15276680154184852,0.029896243469595324,0
murray_tree,frozen,0.6931471805599453,13,regional,0.7,0.1782279351321566,0.03786266730779253,0
murray_tree,frozen,0.6931471805599453,13,regional,0.8,0.20368906872246473,0.045916339247595805,0
murray_tree,frozen,0.6931471805599453,13,regional,0.9,0.2291502023127728,0.05403263868256501,0
murray_tree,frozen,0.6931471805599453,14,multifocal,0.0,0.0,2.7755575615628914e-17,1
murray_tree,frozen,0.6931471805599453,14,multifocal,0.1,0.040042586086678864,0.00980923290202919,1
murray_tree,frozen,0.6931471805599453,14,multifocal,0.2,0.08008517217335773,0.01970792132493187,0
murray_tree,frozen,0.6931471805599453,14,multifocal,0.3,0.12012775826003658,0.031203622435932655,0
murray_tree,frozen,0.6931471805599453,14,multifocal,0.4,0.16017034434671545,0.04379431968092601,0
murray_tree,frozen,0.6931471805599453,14,multifocal,0.5,0.2002129304333943,0.057035770620889395,0
murray_tree,frozen,0.6931471805599453,14,multifocal,0.6,0.24025551652007315,0.07056440449669608,0
murray_tree,frozen,0.6931471805599453,14,multifocal,0.7,0.28029810260675203,0.08424197642077876,0
murray_tree,frozen,0.6931471805599453,14,multifocal,0.8,0.3203406886934309,0.09800614959397091,0
murray_tree,frozen,0.6931471805599453,14,multifocal,0.9,0.36038327478010973,0.11182499816714375,0
murray_tree,frozen,0.6931471805599453,15,localized,0.0,0.0,2.7755575615628914e-17,1
murray_tree,frozen,0.6931471805599453,15,localized,0.1,0.05093270644280321,0.010502066599960815,0
murray_tree,frozen,0.6931471805599453,15,localized,0.2,0.10186541288560642,0.02658922719497362,0
murray_tree,frozen,0.6931471805599453,15,localized,0.3,0.15279811932840962,0.04283329249044188,0
murray_tree,frozen,0.6931471805599453,15,localized,0.4,0.20373082577121285,0.059658630666787706,0
murray_tree,frozen,0.6931471805599453,15,localized,0.5,0.25466353221401605,0.07685382413875,0
murray_tree,frozen,0.6931471805599453,15,localized,0.6,0.30559623865681923,0.09421661710991157,0
murray_tree,frozen,0.6931471805599453,15,localized,0.7,0.35652894509962246,0.11171817373769935,0
murray_tree,frozen,0.6931471805599453,15,localized,0.8,0.4074616515424257,0.1293581522400772,0
murray_tree,frozen,0.6931471805599453,15,localized,0.9,0.45839435798522893,0.1470872119017979,0
murray_tree,frozen,0.6931471805599453,16,regional,0.0,0.0,2.7755575615628914e-17,1
murray_tree,frozen,0.6931471805599453,16,regional,0.1,0.034862940988006394,0.0017038522256892048,1
murray_tree,frozen,0.6931471805599453,16,regional,0.2,0.06972588197601279,0.008758639099045677,1
murray_tree,frozen,0.6931471805599453,16,regional,0.3,0.10458882296401917,0.01660038551383437,0
murray_tree,frozen,0.6931471805599453,16,regional,0.4,0.13945176395202558,0.026032421962654265,0
murray_tree,frozen,0.6931471805599453,16,regional,0.5,0.17431470494003196,0.036889793756919614,0
murray_tree,frozen,0.6931471805599453,16,regional,0.6,0.20917764592803834,0.048347967530946744,0
murray_tree,frozen,0.6931471805599453,16,regional,0.7,0.24404058691604472,0.06006408441055212,0
murray_tree,frozen,0.6931471805599453,16,regional,0.8,0.27890352790405115,0.07191218046020727,0
murray_tree,frozen,0.6931471805599453,16,regional,0.9,0.3137664688920575,0.08383631881090636,0
murray_tree,frozen,0.6931471805599453,17,multifocal,0.0,0.0,2.7755575615628914e-17,1
murray_tree,frozen,0.6931471805599453,17,multifocal,0.1,0.03169551675701195,0.0019962336359882977,1
murray_tree,frozen,0.6931471805599453,17,multifocal,0.2,0.0633910335140239,0.008981690611542761,1
murray_tree,frozen,0.6931471805599453,17,multifocal,0.3,0.09508655027103584,0.01647706694591686,0
murray_tree,frozen,0.6931471805599453,17,multifocal,0.4,0.1267820670280478,0.02432080012687884,0
murray_tree,frozen,0.6931471805599453,17,multifocal,0.5,0.15847758378505974,0.03377572010749566,0
murray_tree,frozen,0.6931471805599453,17,multifocal,0.6,0.19017310054207168,0.04403028731297347,0
murray_tree,frozen,0.6931471805599453,17,multifocal,0.7,0.22186861729908364,0.054636088028526604,0
murray_tree,frozen,0.6931471805599453,17,multifocal,0.8,0.2535641340560956,0.06542252678835962,0
murray_tree,frozen,0.6931471805599453,17,multifocal,0.9,0.28525965081310756,0.07631304534482403,0
murray_tree,frozen,0.6931471805599453,18,localized,0.0,0.0,2.7755575615628914e-17,1
murray_tree,frozen,0.6931471805599453,18,localized,0.1,0.056452378923332894,0.012015888804801703,0
murray_tree,frozen,0.6931471805599453,18,localized,0.2,0.11290475784666579,0.024337271719699557,0
murray_tree,frozen,0.6931471805599453,18,localized,0.3,0.16935713676999867,0.038728125622660974,0
murray_tree,frozen,0.6931471805599453,18,localized,0.4,0.22580951569333158,0.05559594973028778,0
murray_tree,frozen,0.6931471805599453,18,localized,0.5,0.28226189461666445,0.07401716287409228,0
murray_tree,frozen,0.6931471805599453,18,localized,0.6,0.33871427353999733,0.09307395084816852,0
murray_tree,frozen,0.6931471805599453,18,localized,0.7,0.3951666524633302,0.11244362768109556,0
murray_tree,frozen,0.6931471805599453,18,localized,0.8,0.45161903138666315,0.13198851328324962,0
murray_tree,frozen,0.6931471805599453,18,localized,0.9,0.508071410309996,0.15164087517684818,0
murray_tree,frozen,0.6931471805599453,19,regional,0.0,0.0,2.7755575615628914e-17,1
murray_tree,frozen,0.6931471805599453,19,regional,0.1,0.04362783273344925,0.003354310154393266,1
murray_tree,frozen,0.6931471805599453,19,regional,0.2,0.0872556654668985,0.0089263848327268,1
murray_tree,frozen,0.6931471805599453,19,regional,0.3,0.13088349820034773,0.021665190727130433,0
murray_tree,frozen,0.6931471805599453,19,regional,0.4,0.174511330933797,0.03528004329549278,0
murray_tree,frozen,0.6931471805599453,19,regional,0.5,0.21813916366724623,0.049620384892894526,0
murray_tree,frozen,0.6931471805599453,19,regional,0.6,0.26176699640069545,0.06438471881670195,0
murray_tree,frozen,0.6931471805599453,19,regional,0.7,0.3053948291341447,0.07933668581111886,0
murray_tree,frozen,0.6931471805599453,19,regional,0.8,0.349022661867594,0.09438715851257647,0
murray_tree,frozen,0.6931471805599453,19,regional,0.9,0.39265049460104323,0.10949568595981696,0
murray_tree,high,1.3862943611198906,0,localized,0.0,0.0,2.7755575615628914e-17,1
murray_tree,high,1.3862943611198906,0,localized,0.1,0.04305938993207347,0.003433504630165956,1
murray_tree,high,1.3862943611198906,0,localized,0.2,0.08611877986414694,0.006867009260331911,1
murray_tree,high,1.3862943611198906,0,localized,0.3,0.1291781697962204,0.010300513890497852,0
murray_tree,high,1.3862943611198906,0,localized,0.4,0.17223755972829388,0.017091819616460713,0
murray_tree,high,1.3862943611198906,0,localized,0.5,0.21529694966036733,0.02837367607858329,0
murray_tree,high,1.3862943611198906,0,localized,0.6,0.2583563395924408,0.041038409949039484,0
murray_tree,high,1.3862943611198906,0,localized,0.7,0.30141572952451423,0.054347130246527826,0
murray_tree,high,1.3862943611198906,0,localized,0.8,0.34447511945658776,0.06831896766284187,0
murray_tree,high,1.3862943611198906,0,localized,0.9,0.3875345093886612,0.08263026053257694,0
murray_tree,high,1.3862943611198906,1,regional,0.0,0.0,2.7755575615628914e-17,1
murray_tree,high,1.3862943611198906,1,regional,0.1,0.03754834429597262,0.004928876888708036,1
murray_tree,high,1.3862943611198906,1,regional,0.2,0.07509668859194524,0.009857753777416076,1
murray_tree,high,1.3862943611198906,1,regional,0.3,0.11264503288791786,0.014972474561960955,0
murray_tree,high,1.3862943611198906,1,regional,0.4,0.15019337718389048,0.023679418807997895,0
murray_tree,high,1.3862943611198906,1,regional,0.5,0.1877417214798631,0.034315539470989406,0
murray_tree,high,1.3862943611198906,1,regional,0.6,0.2252900657758357,0.0455488651539198,0
murray_tree,high,1.3862943611198906,1,regional,0.7,0.2628384100718083,0.05702756770158952,0
murray_tree,high,1.3862943611198906,1,regional,0.8,0.30038675436778095,0.06879327052935615,0
murray_tree,high,1.3862943611198906,1,regional,0.9,0.3379350986637536,0.08092204675850821,0
murray_tree,high,1.3862943611198906,2,multifocal,0.0,0.0,2.7755575615628914e-17,1
murray_tree,high,1.3862943611198906,2,multifocal,0.1,0.0387804883082509,0.0014450438768820585,1
murray_tree,high,1.3862943611198906,2,multifocal,0.2,0.0775609766165018,0.005734644050590384,1
murray_tree,high,1.3862943611198906,2,multifocal,0.3,0.11634146492475267,0.01308939880434966,0
murray_tree,high,1.3862943611198906,2,multifocal,0.4,0.1551219532330036,0.021177767139095433,0
murray_tree,high,1.3862943611198906,2,multifocal,0.5,0.19390244154125447,0.031018719566462846,0
murray_tree,high,1.3862943611198906,2,multifocal,0.6,0.23268292984950534,0.04149889333115933,0
murray_tree,high,1.3862943611198906,2,multifocal,0.7,0.2714634181577562,0.052640771417512965,0
murray_tree,high,1.3862943611198906,2,multifocal,0.8,0.3102439064660072,0.06456208866882365,0
murray_tree,high,1.3862943611198906,2,multifocal,0.9,0.34902439477425806,0.0769037948799428,0
murray_tree,high,1.3862943611198906,3,localized,0.0,0.0,2.7755575615628914e-17,1
murray_tree,high,1.3862943611198906,3,localized,0.1,0.044824635185581996,0.006452696215337421,1
murray_tree,high,1.3862943611198906,3,localized,0.2,0.08964927037116399,0.012905392430674836,0
murray_tree,high,1.3862943611198906,3,localized,0.3,0.13447390555674596,0.01935808864601225,0
murray_tree,high,1.3862943611198906,3,localized,0.4,0.17929854074232798,0.025810784861349672,0
murray_tree,high,1.3862943611198906,3,localized,0.5,0.22412317592790995,0.03257826211916247,0
murray_tree,high,1.3862943611198906,3,localized,0.6,0.2689478111134919,0.04155865801810107,0
murray_tree,high,1.3862943611198906,3,localized,0.7,0.3137724462990739,0.052013811768161534,0
murray_tree,high,1.3862943611198906,3,localized,0.8,0.35859708148465597,0.06321619126354928,0
murray_tree,high,1.3862943611198906,3,localized,0.9,0.4034217166702379,0.07483096101155717,0
murray_tree,high,1.3862943611198906,4,regional,0.0,0.0,2.7755575615628914e-17,1
murray_tree,high,1.3862943611198906,4,regional,0.1,0.026227919197318473,0.0024302353306306724,1
murray_tree,high,1.3862943611198906,4,regional,0.2,0.052455838394636946,0.005235852507869517,1
murray_tree,high,1.3862943611198906,4,regional,0.3,0.07868375759195541,0.01070691217755495,0
murray_tree,high,1.3862943611198906,4,regional,0.4,0.10491167678927389,0.01682738345803851,0
murray_tree,high,1.3862943611198906,4,regional,0.5,0.13113959598659236,0.023086419135113705,0
murray_tree,high,1.3862943611198906,4,regional,0.6,0.15736751518391082,0.02939564103217861,0
murray_tree,high,1.3862943611198906,4,regional,0.7,0.1835954343812293,0.0361423664703378,0
murray_tree,high,1.3862943611198906,4,regional,0.8,0.20982335357854778,0.04361525375210613,0
murray_tree,high,1.3862943611198906,4,regional,0.9,0.23605127277586627,0.051502454038275775,0
murray_tree,high,1.3862943611198906,5,multifocal,0.0,0.0,2.7755575615628914e-17,1
murray_tree,high,1.3862943611198906,5,multifocal,0.1,0.024066944043260756,0.003190710396584693,1
murray_tree,high,1.3862943611198906,5,multifocal,0.2,0.04813388808652151,0.0063814207931693805,1
murray_tree,high,1.3862943611198906,5,multifocal,0.3,0.07220083212978226,0.009572131189754068,1
murray_tree,high,1.3862943611198906,5,multifocal,0.4,0.09626777617304302,0.013168802718273209,0
murray_tree,high,1.3862943611198906,5,multifocal,0.5,0.12033472021630377,0.017233010302062732,0
murray_tree,high,1.3862943611198906,5,multifocal,0.6,0.14440166425956452,0.021551703288522732,0
murray_tree,high,1.3862943611198906,5,multifocal,0.7,0.16846860830282528,0.027038464570777458,0
murray_tree,high,1.3862943611198906,5,multifocal,0.8,0.19253555234608605,0.03347918618889392,0
murray_tree,high,1.3862943611198906,5,multifocal,0.9,0.21660249638934678,0.0404203901417692,0
murray_tree,high,1.3862943611198906,6,localized,0.0,0.0,2.7755575615628914e-17,1
murray_tree,high,1.3862943611198906,6,localized,0.1,0.05316451318642206,0.009791760471162805,1
murray_tree,high,1.3862943611198906,6,localized,0.2,0.10632902637284412,0.01958352094232561,0
murray_tree,high,1.3862943611198906,6,localized,0.3,0.15949353955926618,0.03150840404568649,0
murray_tree,high,1.3862943611198906,6,localized,0.4,0.21265805274568825,0.04655985890122632,0
murray_tree,high,1.3862943611198906,6,localized,0.5,0.2658225659321103,0.06256446804749563,0
murray_tree,high,1.3862943611198906,6,localized,0.6,0.31898707911853236,0.07897320391920583,0
murray_tree,high,1.3862943611198906,6,localized,0.7,0.37215159230495437,0.09582229812538948,0
murray_tree,high,1.3862943611198906,6,localized,0.8,0.4253161054913765,0.1130926112285886,0
murray_tree,high,1.3862943611198906,6,localized,0.9,0.4784806186777985,0.13074917635087457,0
murray_tree,high,1.3862943611198906,7,regional,0.0,0.0,2.7755575615628914e-17,1
murray_tree,high,1.3862943611198906,7,regional,0.1,0.032905029976929505,0.0036464643043076376,1
murray_tree,high,1.3862943611198906,7,regional,0.2,0.06581005995385901,0.007292928608615271,1
murray_tree,high,1.3862943611198906,7,regional,0.3,0.0987150899307885,0.010939392912922903,0
murray_tree,high,1.3862943611198906,7,regional,0.4,0.13162011990771802,0.014585857217230536,0
murray_tree,high,1.3862943611198906,7,regional,0.5,0.1645251498846475,0.018295747536172545,0
murray_tree,high,1.3862943611198906,7,regional,0.6,0.197430179861577,0.023756701393328725,0
murray_tree,high,1.3862943611198906,7,regional,0.7,0.2303352098385065,0.031560702700078956,0
murray_tree,high,1.3862943611198906,7,regional,0.8,0.26324023981543604,0.04049077578261579,0
murray_tree,high,1.3862943611198906,7,regional,0.9,0.2961452697923655,0.04994652907617972,0
murray_tree,high,1.3862943611198906,8,multifocal,0.0,0.0,2.7755575615628914e-17,1
murray_tree,high,1.3862943611198906,8,multifocal,0.1,0.02929983243089146,0.006091494795772473,1
murray_tree,high,1.3862943611198906,8,multifocal,0.2,0.05859966486178292,0.012182989591544943,0
murray_tree,high,1.3862943611198906,8,multifocal,0.3,0.08789949729267438,0.01827448438731742,0
murray_tree,high,1.3862943611198906,8,multifocal,0.4,0.11719932972356584,0.024365979183089883,0
murray_tree,high,1.3862943611198906,8,multifocal,0.5,0.1464991621544573,0.03080453710174811,0
murray_tree,high,1.3862943611198906,8,multifocal,0.6,0.17579899458534876,0.038653953311120655,0
murray_tree,high,1.3862943611198906,8,multifocal,0.7,0.20509882701624021,0.04746630206182402,0
murray_tree,high,1.3862943611198906,8,multifocal,0.8,0.23439865944713167,0.0567994178895087,0
murray_tree,high,1.3862943611198906,8,multifocal,0.9,0.26369849187802313,0.06643417968234772,0
murray_tree,high,1.3862943611198906,9,localized,0.0,0.0,2.7755575615628914e-17,1
murray_tree,high,1.3862943611198906,9,localized,0.1,0.04548255248870212,0.0074830428149872275,1
murray_tree,high,1.3862943611198906,9,localized,0.2,0.09096510497740425,0.014966085629974455,0
murray_tree,high,1.3862943611198906,9,localized,0.3,0.13644765746610635,0.02244912844496167,0
murray_tree,high,1.3862943611198906,9,localized,0.4,0.1819302099548085,0.029933029688692818,0
murray_tree,high,1.3862943611198906,9,localized,0.5,0.2274127624435106,0.038428788103123036,0
murray_tree,high,1.3862943611198906,9,localized,0.6,0.2728953149322127,0.048435614109557,0
murray_tree,high,1.3862943611198906,9,localized,0.7,0.31837786742091484,0.059711220817486456,0
murray_tree,high,1.3862943611198906,9,localized,0.8,0.363860419909617,0.07215070386047041,0
murray_tree,high,1.3862943611198906,9,localized,0.9,0.4093429723983191,0.08571858453484184,0
murray_tree,high,1.3862943611198906,10,regional,0.0,0.0,2.7755575615628914e-17,1
murray_tree,high,1.3862943611198906,10,regional,0.1,0.02582749915880956,0.003118371092822417,1
murray_tree,high,1.3862943611198906,10,regional,0.2,0.05165499831761912,0.006236742185644837,1
murray_tree,high,1.3862943611198906,10,regional,0.3,0.07748249747642867,0.009355113278467254,1
murray_tree,high,1.3862943611198906,10,regional,0.4,0.10330999663523824,0.012473484371289674,0
murray_tree,high,1.3862943611198906,10,regional,0.5,0.1291374957940478,0.015591855464112096,0
murray_tree,high,1.3862943611198906,10,regional,0.6,0.15496499495285734,0.01871022655693451,0
murray_tree,high,1.3862943611198906,10,regional,0.7,0.1807924941116669,0.022774967540104312,0
murray_tree,high,1.3862943611198906,10,regional,0.8,0.20661999327047648,0.028824908843749577,0
murray_tree,high,1.3862943611198906,10,regional,0.9,0.23244749242928603,0.03590287627534435,0
murray_tree,high,1.3862943611198906,11,multifocal,0.0,0.0,2.7755575615628914e-17,1
murray_tree,high,1.3862943611198906,11,multifocal,0.1,0.02833027751487748,0.00564738391862585,1
murray_tree,high,1.3862943611198906,11,multifocal,0.2,0.05666055502975496,0.011624670780609251,0
murray_tree,high,1.3862943611198906,11,multifocal,0.3,0.08499083254463242,0.01920571691116651,0
murray_tree,high,1.3862943611198906,11,multifocal,0.4,0.11332111005950991,0.0273065458333298,0
murray_tree,high,1.3862943611198906,11,multifocal,0.5,0.1416513875743874,0.03557459880326744,0
murray_tree,high,1.3862943611198906,11,multifocal,0.6,0.16998166508926485,0.04402728682914341,0
murray_tree,high,1.3862943611198906,11,multifocal,0.7,0.19831194260414234,0.05264442813753933,0
murray_tree,high,1.3862943611198906,11,multifocal,0.8,0.22664222011901983,0.06138680593260506,0
murray_tree,high,1.3862943611198906,11,multifocal,0.9,0.2549724976338973,0.07042141362311329,0
murray_tree,high,1.3862943611198906,12,localized,0.0,0.0,2.7755575615628914e-17,1
murray_tree,high,1.3862943611198906,12,localized,0.1,0.053137074995445156,0.005631089499820126,1
murray_tree,high,1.3862943611198906,12,localized,0.2,0.10627414999089031,0.012144650904406596,0
murray_tree,high,1.3862943611198906,12,localized,0.3,0.15941122498633545,0.022942836672915905,0
murray_tree,high,1.3862943611198906,12,localized,0.4,0.21254829998178063,0.035852205720606996,0
murray_tree,high,1.3862943611198906,12,localized,0.5,0.2656853749772258,0.05149516155507187,0
murray_tree,high,1.3862943611198906,12,localized,0.6,0.3188224499726709,0.06812364690183192,0
murray_tree,high,1.3862943611198906,12,localized,0.7,0.3719595249681161,0.08516231247388889,0
murray_tree,high,1.3862943611198906,12,localized,0.8,0.42509659996356125,0.10257112145957657,0
murray_tree,high,1.3862943611198906,12,localized,0.9,0.4782336749590064,0.12033621347016535,0
murray_tree,high,1.3862943611198906,13,regional,0.0,0.0,2.7755575615628914e-17,1
murray_tree,high,1.3862943611198906,13,regional,0.1,0.02546113359030809,0.00303419754567225,1
murray_tree,high,1.3862943611198906,13,regional,0.2,0.05092226718061618,0.006068395091344504,1
murray_tree,high,1.3862943611198906,13,regional,0.3,0.07638340077092426,0.009102592637016751,1
murray_tree,high,1.3862943611198906,13,regional,0.4,0.10184453436123236,0.012136790182689008,0
murray_tree,high,1.3862943611198906,13,regional,0.5,0.12730566795154044,0.015170987728361259,0
murray_tree,high,1.3862943611198906,13,regional,0.6,0.15276680154184852,0.018205185274033506,0
murray_tree,high,1.3862943611198906,13,regional,0.7,0.1782279351321566,0.021934431407309007,0
murray_tree,high,1.3862943611198906,13,regional,0.8,0.20368906872246473,0.027672205279641992,0
murray_tree,high,1.3862943611198906,13,regional,0.9,0.2291502023127728,0.034508021367151046,0
murray_tree,high,1.3862943611198906,14,multifocal,0.0,0.0,2.7755575615628914e-17,1
murray_tree,high,1.3862943611198906,14,multifocal,0.1,0.040042586086678864,0.00980923290202919,1
murray_tree,high,1.3862943611198906,14,multifocal,0.2,0.08008517217335773,0.019618465804058384,0
murray_tree,high,1.3862943611198906,14,multifocal,0.3,0.12012775826003658,0.029427698706087572,0
murray_tree,high,1.3862943611198906,14,multifocal,0.4,0.16017034434671545,0.039236931608116775,0
murray_tree,high,1.3862943611198906,14,multifocal,0.5,0.2002129304333943,0.049738035030934005,0
murray_tree,high,1.3862943611198906,14,multifocal,0.6,0.24025551652007315,0.06113485080710805,0
murray_tree,high,1.3862943611198906,14,multifocal,0.7,0.28029810260675203,0.07301523834437988,0
murray_tree,high,1.3862943611198906,14,multifocal,0.8,0.3203406886934309,0.0853927478069963,0
murray_tree,high,1.3862943611198906,14,multifocal,0.9,0.36038327478010973,0.09817757770373514,0
murray_tree,high,1.3862943611198906,15,localized,0.0,0.0,2.7755575615628914e-17,1
murray_tree,high,1.3862943611198906,15,localized,0.1,0.05093270644280321,0.007888998528545847,1
murray_tree,high,1.3862943611198906,15,localized,0.2,0.10186541288560642,0.023530362455113647,0
murray_tree,high,1.3862943611198906,15,localized,0.3,0.15279811932840962,0.039638221989267614,0
murray_tree,high,1.3862943611198906,15,localized,0.4,0.20373082577121285,0.055810109777599544,0
murray_tree,high,1.3862943611198906,15,localized,0.5,0.25466353221401605,0.07200289640021974,0
murray_tree,high,1.3862943611198906,15,localized,0.6,0.30559623865681923,0.0882969490028186,0
murray_tree,high,1.3862943611198906,15,localized,0.7,0.35652894509962246,0.10497267589879176,0
murray_tree,high,1.3862943611198906,15,localized,0.8,0.4074616515424257,0.12190517464263775,0
murray_tree,high,1.3862943611198906,15,localized,0.9,0.45839435798522893,0.13900064014638222,0
murray_tree,high,1.3862943611198906,16,regional,0.0,0.0,2.7755575615628914e-17,1
murray_tree,high,1.3862943611198906,16,regional,0.1,0.034862940988006394,0.001434709564015539,1
murray_tree,high,1.3862943611198906,16,regional,0.2,0.06972588197601279,0.005392419753073238,1
murray_tree,high,1.3862943611198906,16,regional,0.3,0.10458882296401917,0.012531688575863028,0
murray_tree,high,1.3862943611198906,16,regional,0.4,0.13945176395202558,0.019822043854867844,0
murray_tree,high,1.3862943611198906,16,regional,0.5,0.17431470494003196,0.02757632964639176,0
murray_tree,high,1.3862943611198906,16,regional,0.6,0.20917764592803834,0.036297746958554596,0
murray_tree,high,1.3862943611198906,16,regional,0.7,0.24404058691604472,0.04580525807412912,0
murray_tree,high,1.3862943611198906,16,regional,0.8,0.27890352790405115,0.05628042802407927,0
murray_tree,high,1.3862943611198906,16,regional,0.9,0.3137664688920575,0.06728774537722396,0
murray_tree,high,1.3862943611198906,17,multifocal,0.0,0.0,2.7755575615628914e-17,1
murray_tree,high,1.3862943611198906,17,multifocal,0.1,0.03169551675701195,0.001779454787226989,1
murray_tree,high,1.3862943611198906,17,multifocal,0.2,0.0633910335140239,0.005792890005293243,1
murray_tree,high,1.3862943611198906,17,multifocal,0.3,0.09508655027103584,0.012930504969562882,0
murray_tree,high,1.3862943611198906,17,multifocal,0.4,0.1267820670280478,0.020273972530284193,0
murray_tree,high,1.3862943611198906,17,multifocal,0.5,0.15847758378505974,0.027659818957938065,0
murray_tree,high,1.3862943611198906,17,multifocal,0.6,0.19017310054207168,0.03506146833922934,0
murray_tree,high,1.3862943611198906,17,multifocal,0.7,0.22186861729908364,0.04297645320459731,0
murray_tree,high,1.3862943611198906,17,multifocal,0.8,0.2535641340560956,0.052025542821061706,0
murray_tree,high,1.3862943611198906,17,multifocal,0.9,0.28525965081310756,0.061754971788968854,0
murray_tree,high,1.3862943611198906,18,localized,0.0,0.0,2.7755575615628914e-17,1
murray_tree,high,1.3862943611198906,18,localized,0.1,0.056452378923332894,0.012015888804801703,0
murray_tree,high,1.3862943611198906,18,localized,0.2,0.11290475784666579,0.024031777609603414,0
murray_tree,high,1.3862943611198906,18,localized,0.3,0.16935713676999867,0.03604766641440513,0
murray_tree,high,1.3862943611198906,18,localized,0.4,0.22580951569333158,0.04817011382820242,0
murray_tree,high,1.3862943611198906,18,localized,0.5,0.28226189461666445,0.06136342831084122,0
murray_tree,high,1.3862943611198906,18,localized,0.6,0.33871427353999733,0.0755916809769031,0
murray_tree,high,1.3862943611198906,18,localized,0.7,0.3951666524633302,0.09165520512266033,0
murray_tree,high,1.3862943611198906,18,localized,0.8,0.45161903138666315,0.10897179511370866,0
murray_tree,high,1.3862943611198906,18,localized,0.9,0.508071410309996,0.12703003088087234,0
murray_tree,high,1.3862943611198906,19,regional,0.0,0.0,2.7755575615628914e-17,1
murray_tree,high,1.3862943611198906,19,regional,0.1,0.04362783273344925,0.003354310154393266,1
murray_tree,high,1.3862943611198906,19,regional,0.2,0.0872556654668985,0.006708620308786532,1
murray_tree,high,1.3862943611198906,19,regional,0.3,0.13088349820034773,0.010716298860803495,0
murray_tree,high,1.3862943611198906,19,regional,0.4,0.174511330933797,0.01806516655660996,0
murray_tree,high,1.3862943611198906,19,regional,0.5,0.21813916366724623,0.030015075112907404,0
murray_tree,high,1.3862943611198906,19,regional,0.6,0.26176699640069545,0.04332833085590445,0
murray_tree,high,1.3862943611198906,19,regional,0.7,0.3053948291341447,0.057058468301329344,0
murray_tree,high,1.3862943611198906,19,regional,0.8,0.349022661867594,0.07108305975381772,0
murray_tree,high,1.3862943611198906,19,regional,0.9,0.39265049460104323,0.08551947642824805,0
looped_hierarchical,low,0.22314355131420976,0,localized,0.0,0.0,2.7755575615628914e-17,1
looped_hierarchical,low,0.22314355131420976,0,localized,0.1,0.05976613470966107,0.01581361029379722,0
looped_hierarchical,low,0.22314355131420976,0,localized,0.2,0.11953226941932214,0.03631315084824181,0
looped_hierarchical,low,0.22314355131420976,0,localized,0.3,0.1792984041289832,0.05727318127242085,0
looped_hierarchical,low,0.22314355131420976,0,localized,0.4,0.23906453883864429,0.07832488350539267,0
looped_hierarchical,low,0.22314355131420976,0,localized,0.5,0.29883067354830534,0.09941003557858946,0
looped_hierarchical,low,0.22314355131420976,0,localized,0.6,0.3585968082579664,0.12051108117460756,0
looped_hierarchical,low,0.22314355131420976,0,localized,0.7,0.41836294296762744,0.1416209162254736,0
looped_hierarchical,low,0.22314355131420976,0,localized,0.8,0.47812907767728857,0.16273612031059895,0
looped_hierarchical,low,0.22314355131420976,0,localized,0.9,0.5378952123869496,0.18385484358450327,0
looped_hierarchical,low,0.22314355131420976,1,regional,0.0,0.0,2.7755575615628914e-17,1
looped_hierarchical,low,0.22314355131420976,1,regional,0.1,0.03781375768891352,0.006554787474673912,1
looped_hierarchical,low,0.22314355131420976,1,regional,0.2,0.07562751537782704,0.015749427119026257,0
looped_hierarchical,low,0.22314355131420976,1,regional,0.3,0.11344127306674055,0.02826380688443323,0
looped_hierarchical,low,0.22314355131420976,1,regional,0.4,0.15125503075565408,0.04131720189294669,0
looped_hierarchical,low,0.22314355131420976,1,regional,0.5,0.1890687884445676,0.05452384462382918,0
looped_hierarchical,low,0.22314355131420976,1,regional,0.6,0.2268825461334811,0.06779423397681679,0
looped_hierarchical,low,0.22314355131420976,1,regional,0.7,0.2646963038223946,0.08109708229080909,0
looped_hierarchical,low,0.22314355131420976,1,regional,0.8,0.30251006151130816,0.0944186709253001,0
looped_hierarchical,low,0.22314355131420976,1,regional,0.9,0.3403238192002217,0.10775204940119203,0
looped_hierarchical,low,0.22314355131420976,2,multifocal,0.0,0.0,2.7755575615628914e-17,1
looped_hierarchical,low,0.22314355131420976,2,multifocal,0.1,0.01552865689416847,0.0024761574644231858,1
looped_hierarchical,low,0.22314355131420976,2,multifocal,0.2,0.03105731378833694,0.005166845600151875,1
looped_hierarchical,low,0.22314355131420976,2,multifocal,0.3,0.046585970682505404,0.009538455540541812,1
looped_hierarchical,low,0.22314355131420976,2,multifocal,0.4,0.06211462757667388,0.014542567889563665,0
looped_hierarchical,low,0.22314355131420976,2,multifocal,0.5,0.07764328447084234,0.01970365747223891,0
looped_hierarchical,low,0.22314355131420976,2,multifocal,0.6,0.09317194136501081,0.02495151131530927,0
looped_hierarchical,low,0.22314355131420976,2,multifocal,0.7,0.10870059825917927,0.030284313495021455,0
looped_hierarchical,low,0.22314355131420976,2,multifocal,0.8,0.12422925515334776,0.035664915071336886,0
looped_hierarchical,low,0.22314355131420976,2,multifocal,0.9,0.13975791204751623,0.04107453574248659,0
looped_hierarchical,low,0.22314355131420976,3,localized,0.0,0.0,2.7755575615628914e-17,1
looped_hierarchical,low,0.22314355131420976,3,localized,0.1,0.057105734546330715,0.012792572459733238,0
looped_hierarchical,low,0.22314355131420976,3,localized,0.2,0.11421146909266143,0.032681381836447726,0
looped_hierarchical,low,0.22314355131420976,3,localized,0.3,0.17131720363899214,0.05279925905598356,0
looped_hierarchical,low,0.22314355131420976,3,localized,0.4,0.22842293818532286,0.0729569532292915,0
looped_hierarchical,low,0.22314355131420976,3,localized,0.5,0.28552867273165355,0.09312861279789465,0
looped_hierarchical,low,0.22314355131420976,3,localized,0.6,0.3426344072779843,0.1133067793573639,0
looped_hierarchical,low,0.22314355131420976,3,localized,0.7,0.39974014182431494,0.133488502143576,0
looped_hierarchical,low,0.22314355131420976,3,localized,0.8,0.4568458763706457,0.15367238005006512,0
looped_hierarchical,low,0.22314355131420976,3,localized,0.9,0.5139516109169764,0.17385766248712423,0
looped_hierarchical,low,0.22314355131420976,4,regional,0.0,0.0,2.7755575615628914e-17,1
looped_hierarchical,low,0.22314355131420976,4,regional,0.1,0.027029357927002652,0.004271013867778236,1
looped_hierarchical,low,0.22314355131420976,4,regional,0.2,0.054058715854005304,0.011401172319980503,0
looped_hierarchical,low,0.22314355131420976,4,regional,0.3,0.08108807378100795,0.020207814789250975,0
looped_hierarchical,low,0.22314355131420976,4,regional,0.4,0.10811743170801061,0.029485104278770276,0
looped_hierarchical,low,0.22314355131420976,4,regional,0.5,0.13514678963501325,0.03889773152241333,0
looped_hierarchical,low,0.22314355131420976,4,regional,0.6,0.1621761475620159,0.048366746927367824,0
looped_hierarchical,low,0.22314355131420976,4,regional,0.7,0.18920550548901854,0.05786447482323542,0
looped_hierarchical,low,0.22314355131420976,4,regional,0.8,0.21623486341602122,0.06737877434539868,0
looped_hierarchical,low,0.22314355131420976,4,regional,0.9,0.24326422134302386,0.07690349514485,0
looped_hierarchical,low,0.22314355131420976,5,multifocal,0.0,0.0,2.7755575615628914e-17,1
looped_hierarchical,low,0.22314355131420976,5,multifocal,0.1,0.023118987039703415,0.0033614406730096465,1
looped_hierarchical,low,0.22314355131420976,5,multifocal,0.2,0.04623797407940683,0.008855361393132656,1
looped_hierarchical,low,0.22314355131420976,5,multifocal,0.3,0.06935696111911024,0.016054391653306282,0
looped_hierarchical,low,0.22314355131420976,5,multifocal,0.4,0.09247594815881366,0.023885260670464536,0
looped_hierarchical,low,0.22314355131420976,5,multifocal,0.5,0.11559493519851707,0.031888708874299426,0
looped_hierarchical,low,0.22314355131420976,5,multifocal,0.6,0.1387139222382205,0.03996117766631884,0
looped_hierarchical,low,0.22314355131420976,5,multifocal,0.7,0.1618329092779239,0.048067905901171416,0
looped_hierarchical,low,0.22314355131420976,5,multifocal,0.8,0.18495189631762732,0.056194068418331605,0
looped_hierarchical,low,0.22314355131420976,5,multifocal,0.9,0.20807088335733073,0.06433230108988712,0
looped_hierarchical,low,0.22314355131420976,6,localized,0.0,0.0,2.7755575615628914e-17,1
looped_hierarchical,low,0.22314355131420976,6,localized,0.1,0.04455033470900132,0.009974075147709491,1
looped_hierarchical,low,0.22314355131420976,6,localized,0.2,0.08910066941800264,0.02307054510761721,0
looped_hierarchical,low,0.22314355131420976,6,localized,0.3,0.13365100412700395,0.03799769968498678,0
looped_hierarchical,low,0.22314355131420976,6,localized,0.4,0.17820133883600528,0.05340021902398248,0
looped_hierarchical,low,0.22314355131420976,6,localized,0.5,0.22275167354500658,0.06896031237559157,0
looped_hierarchical,low,0.22314355131420976,6,localized,0.6,0.2673020082540079,0.08459106959212685,0
looped_hierarchical,low,0.22314355131420976,6,localized,0.7,0.3118523429630092,0.10025944597498998,0
looped_hierarchical,low,0.22314355131420976,6,localized,0.8,0.35640267767201056,0.11595019206691658,0
looped_hierarchical,low,0.22314355131420976,6,localized,0.9,0.40095301238101183,0.13165531001128952,0
looped_hierarchical,low,0.22314355131420976,7,regional,0.0,0.0,2.7755575615628914e-17,1
looped_hierarchical,low,0.22314355131420976,7,regional,0.1,0.026676989054809693,0.0038197916602134958,1
looped_hierarchical,low,0.22314355131420976,7,regional,0.2,0.053353978109619386,0.012374230009313337,0
looped_hierarchical,low,0.22314355131420976,7,regional,0.3,0.08003096716442908,0.02158642381217597,0
looped_hierarchical,low,0.22314355131420976,7,regional,0.4,0.10670795621923877,0.030873081840883616,0
looped_hierarchical,low,0.22314355131420976,7,regional,0.5,0.13338494527404846,0.040190495431673065,0
looped_hierarchical,low,0.22314355131420976,7,regional,0.6,0.16006193432885815,0.04954247644250866,0
looped_hierarchical,low,0.22314355131420976,7,regional,0.7,0.18673892338366782,0.058913973339455514,0
looped_hierarchical,low,0.22314355131420976,7,regional,0.8,0.21341591243847755,0.06829695286614174,0
looped_hierarchical,low,0.22314355131420976,7,regional,0.9,0.24009290149328721,0.07768725455652459,0
looped_hierarchical,low,0.22314355131420976,8,multifocal,0.0,0.0,2.7755575615628914e-17,1
looped_hierarchical,low,0.22314355131420976,8,multifocal,0.1,0.019231292530657567,0.0034882558405706886,1
looped_hierarchical,low,0.22314355131420976,8,multifocal,0.2,0.038462585061315134,0.009799628891702154,1
looped_hierarchical,low,0.22314355131420976,8,multifocal,0.3,0.05769387759197269,0.016320198472474984,0
looped_hierarchical,low,0.22314355131420976,8,multifocal,0.4,0.07692517012263027,0.022871737671347786,0
looped_hierarchical,low,0.22314355131420976,8,multifocal,0.5,0.09615646265328782,0.029445837529646926,0
looped_hierarchical,low,0.22314355131420976,8,multifocal,0.6,0.11538775518394538,0.036092261468513874,0
looped_hierarchical,low,0.22314355131420976,8,multifocal,0.7,0.13461904771460295,0.042786329450734455,0
looped_hierarchical,low,0.22314355131420976,8,multifocal,0.8,0.15385034024526054,0.04950871941070591,0
looped_hierarchical,low,0.22314355131420976,8,multifocal,0.9,0.1730816327759181,0.05624927792758978,0
looped_hierarchical,low,0.22314355131420976,9,localized,0.0,0.0,2.7755575615628914e-17,1
looped_hierarchical,low,0.22314355131420976,9,localized,0.1,0.05786787529138118,0.012029951295583447,0
looped_hierarchical,low,0.22314355131420976,9,localized,0.2,0.11573575058276236,0.03149107784424291,0
looped_hierarchical,low,0.22314355131420976,9,localized,0.3,0.17360362587414352,0.05168071391842523,0
looped_hierarchical,low,0.22314355131420976,9,localized,0.4,0.23147150116552473,0.0720227543636646,0
looped_hierarchical,low,0.22314355131420976,9,localized,0.5,0.2893393764569059,0.09241661565337768,0
looped_hierarchical,low,0.22314355131420976,9,localized,0.6,0.34720725174828704,0.11283420270115001,0
looped_hierarchical,low,0.22314355131420976,9,localized,0.7,0.4050751270396682,0.1332646108209865,0
looped_hierarchical,low,0.22314355131420976,9,localized,0.8,0.46294300233104946,0.1537027275067639,0
looped_hierarchical,low,0.22314355131420976,9,localized,0.9,0.5208108776224306,0.1741458386997884,0
looped_hierarchical,low,0.22314355131420976,10,regional,0.0,0.0,2.7755575615628914e-17,1
looped_hierarchical,low,0.22314355131420976,10,regional,0.1,0.027098537343190357,0.0030122622056279608,1
looped_hierarchical,low,0.22314355131420976,10,regional,0.2,0.054197074686380714,0.008668786042917577,1
looped_hierarchical,low,0.22314355131420976,10,regional,0.3,0.08129561202957106,0.016748938389379565,0
looped_hierarchical,low,0.22314355131420976,10,regional,0.4,0.10839414937276143,0.025850505026962022,0
looped_hierarchical,low,0.22314355131420976,10,regional,0.5,0.13549268671595177,0.03520728567586281,0
looped_hierarchical,low,0.22314355131420976,10,regional,0.6,0.16259122405914211,0.04465915360494096,0
looped_hierarchical,low,0.22314355131420976,10,regional,0.7,0.18968976140233246,0.05415634513418236,0
looped_hierarchical,low,0.22314355131420976,10,regional,0.8,0.21678829874552286,0.06367858444886097,0
looped_hierarchical,low,0.22314355131420976,10,regional,0.9,0.2438868360887132,0.07321609930926275,0
looped_hierarchical,low,0.22314355131420976,11,multifocal,0.0,0.0,2.7755575615628914e-17,1
looped_hierarchical,low,0.22314355131420976,11,multifocal,0.1,0.022758391607770788,0.0036434231447389567,1
looped_hierarchical,low,0.22314355131420976,11,multifocal,0.2,0.045516783215541576,0.00991415936653162,1
looped_hierarchical,low,0.22314355131420976,11,multifocal,0.3,0.06827517482331236,0.01739212444695954,0
looped_hierarchical,low,0.22314355131420976,11,multifocal,0.4,0.09103356643108315,0.025212318063942606,0
looped_hierarchical,low,0.22314355131420976,11,multifocal,0.5,0.11379195803885393,0.03313329932381658,0
looped_hierarchical,low,0.22314355131420976,11,multifocal,0.6,0.1365503496466247,0.04109683222039357,0
looped_hierarchical,low,0.22314355131420976,11,multifocal,0.7,0.1593087412543955,0.04908220925718476,0
looped_hierarchical,low,0.22314355131420976,11,multifocal,0.8,0.1820671328621663,0.05708026335894314,0
looped_hierarchical,low,0.22314355131420976,11,multifocal,0.9,0.20482552446993707,0.0650863212759169,0
looped_hierarchical,low,0.22314355131420976,12,localized,0.0,0.0,2.7755575615628914e-17,1
looped_hierarchical,low,0.22314355131420976,12,localized,0.1,0.06074174889080113,0.014498319663100813,0
looped_hierarchical,low,0.22314355131420976,12,localized,0.2,0.12148349778160226,0.03561318898429126,0
looped_hierarchical,low,0.22314355131420976,12,localized,0.3,0.1822252466724034,0.056998133309666535,0
looped_hierarchical,low,0.22314355131420976,12,localized,0.4,0.24296699556320453,0.07843255182971211,0
looped_hierarchical,low,0.22314355131420976,12,localized,0.5,0.30370874445400564,0.09988459934761072,0
looped_hierarchical,low,0.22314355131420976,12,localized,0.6,0.3644504933448068,0.12134492655947031,0
looped_hierarchical,low,0.22314355131420976,12,localized,0.7,0.42519224223560786,0.14280980089332823,0
looped_hierarchical,low,0.22314355131420976,12,localized,0.8,0.48593399112640906,0.1642774399460838,0
looped_hierarchical,low,0.22314355131420976,12,localized,0.9,0.5466757400172102,0.18574688512560458,0
looped_hierarchical,low,0.22314355131420976,13,regional,0.0,0.0,2.7755575615628914e-17,1
looped_hierarchical,low,0.22314355131420976,13,regional,0.1,0.027652345364209754,0.0026716597334529696,1
looped_hierarchical,low,0.22314355131420976,13,regional,0.2,0.05530469072841951,0.010153964584381104,0
looped_hierarchical,low,0.22314355131420976,13,regional,0.3,0.08295703609262925,0.01882713978355794,0
looped_hierarchical,low,0.22314355131420976,13,regional,0.4,0.11060938145683902,0.028090176467529655,0
looped_hierarchical,low,0.22314355131420976,13,regional,0.5,0.13826172682104876,0.037614065009776154,0
looped_hierarchical,low,0.22314355131420976,13,regional,0.6,0.1659140721852585,0.04724130406940265,0
looped_hierarchical,low,0.22314355131420976,13,regional,0.7,0.19356641754946824,0.056919476322531595,0
looped_hierarchical,low,0.22314355131420976,13,regional,0.8,0.22121876291367804,0.0666263897455062,0
looped_hierarchical,low,0.22314355131420976,13,regional,0.9,0.24887110827788778,0.07635108307839737,0
looped_hierarchical,low,0.22314355131420976,14,multifocal,0.0,0.0,2.7755575615628914e-17,1
looped_hierarchical,low,0.22314355131420976,14,multifocal,0.1,0.026374915777984127,0.008167271794102813,1
looped_hierarchical,low,0.22314355131420976,14,multifocal,0.2,0.052749831555968255,0.016343842476343854,0
looped_hierarchical,low,0.22314355131420976,14,multifocal,0.3,0.07912474733395237,0.0249702401444327,0
looped_hierarchical,low,0.22314355131420976,14,multifocal,0.4,0.10549966311193651,0.03395938364850625,0
looped_hierarchical,low,0.22314355131420976,14,multifocal,0.5,0.13187457888992063,0.04309120428357521,0
looped_hierarchical,low,0.22314355131420976,14,multifocal,0.6,0.15824949466790475,0.052291006294943015,0
looped_hierarchical,low,0.22314355131420976,14,multifocal,0.7,0.18462441044588887,0.06152830321058196,0
looped_hierarchical,low,0.22314355131420976,14,multifocal,0.8,0.21099932622387302,0.0707884182371342,0
looped_hierarchical,low,0.22314355131420976,14,multifocal,0.9,0.23737424200185714,0.08006343435654094,0
looped_hierarchical,low,0.22314355131420976,15,localized,0.0,0.0,2.7755575615628914e-17,1
looped_hierarchical,low,0.22314355131420976,15,localized,0.1,0.06496247979140254,0.016142929103877053,0
looped_hierarchical,low,0.22314355131420976,15,localized,0.2,0.1299249595828051,0.03689416250590499,0
looped_hierarchical,low,0.22314355131420976,15,localized,0.3,0.1948874393742076,0.05928647615213049,0
looped_hierarchical,low,0.22314355131420976,15,localized,0.4,0.2598499191656102,0.08199770867057352,0
looped_hierarchical,low,0.22314355131420976,15,localized,0.5,0.3248123989570127,0.1048207667643843,0
looped_hierarchical,low,0.22314355131420976,15,localized,0.6,0.3897748787484152,0.12769570473623906,0
looped_hierarchical,low,0.22314355131420976,15,localized,0.7,0.4547373585398177,0.15059888384798253,0
looped_hierarchical,low,0.22314355131420976,15,localized,0.8,0.5196998383312204,0.17351912162523658,0
looped_hierarchical,low,0.22314355131420976,15,localized,0.9,0.5846623181226228,0.19645044736037437,0
looped_hierarchical,low,0.22314355131420976,16,regional,0.0,0.0,2.7755575615628914e-17,1
looped_hierarchical,low,0.22314355131420976,16,regional,0.1,0.036791978780361105,0.007989652683848776,1
looped_hierarchical,low,0.22314355131420976,16,regional,0.2,0.07358395756072221,0.019279255978817758,0
looped_hierarchical,low,0.22314355131420976,16,regional,0.3,0.1103759363410833,0.031694779807291636,0
looped_hierarchical,low,0.22314355131420976,16,regional,0.4,0.14716791512144442,0.044450431365873816,0
looped_hierarchical,low,0.22314355131420976,16,regional,0.5,0.1839598939018055,0.05731958701731416,0
looped_hierarchical,low,0.22314355131420976,16,regional,0.6,0.2207518726821666,0.07023988673611511,0
looped_hierarchical,low,0.22314355131420976,16,regional,0.7,0.2575438514625277,0.08318750355199235,0
looped_hierarchical,low,0.22314355131420976,16,regional,0.8,0.29433583024288884,0.09615140264898293,0
looped_hierarchical,low,0.22314355131420976,16,regional,0.9,0.3311278090232499,0.10912578128547155,0
looped_hierarchical,low,0.22314355131420976,17,multifocal,0.0,0.0,2.7755575615628914e-17,1
looped_hierarchical,low,0.22314355131420976,17,multifocal,0.1,0.03124752770545966,0.009278001068750869,1
looped_hierarchical,low,0.22314355131420976,17,multifocal,0.2,0.06249505541091932,0.01888305932004666,0
looped_hierarchical,low,0.22314355131420976,17,multifocal,0.3,0.09374258311637898,0.02927275926320394,0
looped_hierarchical,low,0.22314355131420976,17,multifocal,0.4,0.12499011082183864,0.03997036242838043,0
looped_hierarchical,low,0.22314355131420976,17,multifocal,0.5,0.1562376385272983,0.050782457473995735,0
looped_hierarchical,low,0.22314355131420976,17,multifocal,0.6,0.18748516623275796,0.061648834362117426,0
looped_hierarchical,low,0.22314355131420976,17,multifocal,0.7,0.21873269393821762,0.07255518501494458,0
looped_hierarchical,low,0.22314355131420976,17,multifocal,0.8,0.24998022164367728,0.08349859287279088,0
looped_hierarchical,low,0.22314355131420976,17,multifocal,0.9,0.28122774934913697,0.0944662751877367,0
looped_hierarchical,low,0.22314355131420976,18,localized,0.0,0.0,2.7755575615628914e-17,1
looped_hierarchical,low,0.22314355131420976,18,localized,0.1,0.048233568975084046,0.011735021414694412,0
looped_hierarchical,low,0.22314355131420976,18,localized,0.2,0.09646713795016809,0.026796064789131782,0
looped_hierarchical,low,0.22314355131420976,18,localized,0.3,0.14470070692525214,0.04290167485754086,0
looped_hierarchical,low,0.22314355131420976,18,localized,0.4,0.19293427590033618,0.05953450702181468,0
looped_hierarchical,low,0.22314355131420976,18,localized,0.5,0.24116784487542023,0.07635300021019083,0
looped_hierarchical,low,0.22314355131420976,18,localized,0.6,0.2894014138505043,0.09325675873566937,0
looped_hierarchical,low,0.22314355131420976,18,localized,0.7,0.3376349828255883,0.11020655494428104,0
looped_hierarchical,low,0.22314355131420976,18,localized,0.8,0.38586855180067237,0.12718398385610263,0
looped_hierarchical,low,0.22314355131420976,18,localized,0.9,0.43410212077575644,0.14417928436620314,0
looped_hierarchical,low,0.22314355131420976,19,regional,0.0,0.0,2.7755575615628914e-17,1
looped_hierarchical,low,0.22314355131420976,19,regional,0.1,0.03764430013490742,0.006822220626039575,1
looped_hierarchical,low,0.22314355131420976,19,regional,0.2,0.07528860026981483,0.017724590417742984,0
looped_hierarchical,low,0.22314355131420976,19,regional,0.3,0.11293290040472224,0.030081457352909912,0
looped_hierarchical,low,0.22314355131420976,19,regional,0.4,0.15057720053962967,0.04300219866809251,0
looped_hierarchical,low,0.22314355131420976,19,regional,0.5,0.18822150067453708,0.056104878907872205,0
looped_hierarchical,low,0.22314355131420976,19,regional,0.6,0.2258658008094445,0.06928635592528774,0
looped_hierarchical,low,0.22314355131420976,19,regional,0.7,0.2635101009443519,0.0825088730422738,0
looped_hierarchical,low,0.22314355131420976,19,regional,0.8,0.30115440107925934,0.09575543053617487,0
looped_hierarchical,low,0.22314355131420976,19,regional,0.9,0.3387987012141668,0.10901726540687079,0
looped_hierarchical,frozen,0.6931471805599453,0,localized,0.0,0.0,2.7755575615628914e-17,1
looped_hierarchical,frozen,0.6931471805599453,0,localized,0.1,0.05976613470966107,0.013954585339300314,0
looped_hierarchical,frozen,0.6931471805599453,0,localized,0.2,0.11953226941932214,0.028319759576318937,0
looped_hierarchical,frozen,0.6931471805599453,0,localized,0.3,0.1792984041289832,0.046421260406028605,0
looped_hierarchical,frozen,0.6931471805599453,0,localized,0.4,0.23906453883864429,0.06633894608328858,0
looped_hierarchical,frozen,0.6931471805599453,0,localized,0.5,0.29883067354830534,0.08683188257622863,0
looped_hierarchical,frozen,0.6931471805599453,0,localized,0.6,0.3585968082579664,0.10757180676439242,0
looped_hierarchical,frozen,0.6931471805599453,0,localized,0.7,0.41836294296762744,0.12843912606333377,0
looped_hierarchical,frozen,0.6931471805599453,0,localized,0.8,0.47812907767728857,0.1493804616133029,0
looped_hierarchical,frozen,0.6931471805599453,0,localized,0.9,0.5378952123869496,0.1703685218408239,0
looped_hierarchical,frozen,0.6931471805599453,1,regional,0.0,0.0,2.7755575615628914e-17,1
looped_hierarchical,frozen,0.6931471805599453,1,regional,0.1,0.03781375768891352,0.006554787474673912,1
looped_hierarchical,frozen,0.6931471805599453,1,regional,0.2,0.07562751537782704,0.013109574949347823,0
looped_hierarchical,frozen,0.6931471805599453,1,regional,0.3,0.11344127306674055,0.019664362424021736,0
looped_hierarchical,frozen,0.6931471805599453,1,regional,0.4,0.15125503075565408,0.026741189588712203,0
looped_hierarchical,frozen,0.6931471805599453,1,regional,0.5,0.1890687884445676,0.035571408174836804,0
looped_hierarchical,frozen,0.6931471805599453,1,regional,0.6,0.2268825461334811,0.0465040667399457,0
looped_hierarchical,frozen,0.6931471805599453,1,regional,0.7,0.2646963038223946,0.05845854458336067,0
looped_hierarchical,frozen,0.6931471805599453,1,regional,0.8,0.30251006151130816,0.07091998811262717,0
looped_hierarchical,frozen,0.6931471805599453,1,regional,0.9,0.3403238192002217,0.08366216624391552,0
looped_hierarchical,frozen,0.6931471805599453,2,multifocal,0.0,0.0,2.7755575615628914e-17,1
looped_hierarchical,frozen,0.6931471805599453,2,multifocal,0.1,0.01552865689416847,0.002476157464423186,1
looped_hierarchical,frozen,0.6931471805599453,2,multifocal,0.2,0.03105731378833694,0.004952314928846377,1
looped_hierarchical,frozen,0.6931471805599453,2,multifocal,0.3,0.046585970682505404,0.007428472393269564,1
looped_hierarchical,frozen,0.6931471805599453,2,multifocal,0.4,0.06211462757667388,0.009904629857692752,1
looped_hierarchical,frozen,0.6931471805599453,2,multifocal,0.5,0.07764328447084234,0.012735588597648846,0
looped_hierarchical,frozen,0.6931471805599453,2,multifocal,0.6,0.09317194136501081,0.016640140142863462,0
looped_hierarchical,frozen,0.6931471805599453,2,multifocal,0.7,0.10870059825917927,0.021091841166940333,0
looped_hierarchical,frozen,0.6931471805599453,2,multifocal,0.8,0.12422925515334776,0.025876344852808895,0
looped_hierarchical,frozen,0.6931471805599453,2,multifocal,0.9,0.13975791204751623,0.030853760661088914,0
looped_hierarchical,frozen,0.6931471805599453,3,localized,0.0,0.0,2.7755575615628914e-17,1
looped_hierarchical,frozen,0.6931471805599453,3,localized,0.1,0.057105734546330715,0.004205910239109979,1
looped_hierarchical,frozen,0.6931471805599453,3,localized,0.2,0.11421146909266143,0.017653504354591006,0
looped_hierarchical,frozen,0.6931471805599453,3,localized,0.3,0.17131720363899214,0.036094214778387826,0
looped_hierarchical,frozen,0.6931471805599453,3,localized,0.4,0.22842293818532286,0.055760242955516376,0
looped_hierarchical,frozen,0.6931471805599453,3,localized,0.5,0.28552867273165355,0.07570259756419878,0
looped_hierarchical,frozen,0.6931471805599453,3,localized,0.6,0.3426344072779843,0.09574877592426366,0
looped_hierarchical,frozen,0.6931471805599453,3,localized,0.7,0.39974014182431494,0.115844892565627,0
looped_hierarchical,frozen,0.6931471805599453,3,localized,0.8,0.4568458763706457,0.13596880673745534,0
looped_hierarchical,frozen,0.6931471805599453,3,localized,0.9,0.5139516109169764,0.15610976877566723,0
looped_hierarchical,frozen,0.6931471805599453,4,regional,0.0,0.0,2.7755575615628914e-17,1
looped_hierarchical,frozen,0.6931471805599453,4,regional,0.1,0.027029357927002652,0.0036806614323943313,1
looped_hierarchical,frozen,0.6931471805599453,4,regional,0.2,0.054058715854005304,0.007381335992583135,1
looped_hierarchical,frozen,0.6931471805599453,4,regional,0.3,0.08108807378100795,0.0127215319783281,0
looped_hierarchical,frozen,0.6931471805599453,4,regional,0.4,0.10811743170801061,0.019095616493940964,0
looped_hierarchical,frozen,0.6931471805599453,4,regional,0.5,0.13514678963501325,0.026613378216856037,0
looped_hierarchical,frozen,0.6931471805599453,4,regional,0.6,0.1621761475620159,0.03492853310337543,0
looped_hierarchical,frozen,0.6931471805599453,4,regional,0.7,0.18920550548901854,0.04374883514916355,0
looped_hierarchical,frozen,0.6931471805599453,4,regional,0.8,0.21623486341602122,0.0528258012390753,0
looped_hierarchical,frozen,0.6931471805599453,4,regional,0.9,0.24326422134302386,0.062046889718005975,0
looped_hierarchical,frozen,0.6931471805599453,5,multifocal,0.0,0.0,2.7755575615628914e-17,1
looped_hierarchical,frozen,0.6931471805599453,5,multifocal,0.1,0.023118987039703415,0.003215087832546099,1
looped_hierarchical,frozen,0.6931471805599453,5,multifocal,0.2,0.04623797407940683,0.0064301756650922024,1
looped_hierarchical,frozen,0.6931471805599453,5,multifocal,0.3,0.06935696111911024,0.01005512446594629,0
looped_hierarchical,frozen,0.6931471805599453,5,multifocal,0.4,0.09247594815881366,0.014866058353431006,0
looped_hierarchical,frozen,0.6931471805599453,5,multifocal,0.5,0.11559493519851707,0.020499198694180827,0
looped_hierarchical,frozen,0.6931471805599453,5,multifocal,0.6,0.1387139222382205,0.027114291527716407,0
looped_hierarchical,frozen,0.6931471805599453,5,multifocal,0.7,0.1618329092779239,0.03430384411271252,0
looped_hierarchical,frozen,0.6931471805599453,5,multifocal,0.8,0.18495189631762732,0.041856236419487866,0
looped_hierarchical,frozen,0.6931471805599453,5,multifocal,0.9,0.20807088335733073,0.049606020037232745,0
looped_hierarchical,frozen,0.6931471805599453,6,localized,0.0,0.0,2.7755575615628914e-17,1
looped_hierarchical,frozen,0.6931471805599453,6,localized,0.1,0.04455033470900132,0.009673742032248857,1
looped_hierarchical,frozen,0.6931471805599453,6,localized,0.2,0.08910066941800264,0.019347484064497714,0
looped_hierarchical,frozen,0.6931471805599453,6,localized,0.3,0.13365100412700395,0.029837805335627958,0
looped_hierarchical,frozen,0.6931471805599453,6,localized,0.4,0.17820133883600528,0.04206646600227594,0
looped_hierarchical,frozen,0.6931471805599453,6,localized,0.5,0.22275167354500658,0.055481995198492486,0
looped_hierarchical,frozen,0.6931471805599453,6,localized,0.6,0.2673020082540079,0.06976413569026722,0
looped_hierarchical,frozen,0.6931471805599453,6,localized,0.7,0.3118523429630092,0.08455532018374133,0
looped_hierarchical,frozen,0.6931471805599453,6,localized,0.8,0.35640267767201056,0.09964111999978238,0
looped_hierarchical,frozen,0.6931471805599453,6,localized,0.9,0.40095301238101183,0.11490555469131182,0
looped_hierarchical,frozen,0.6931471805599453,7,regional,0.0,0.0,2.7755575615628914e-17,1
looped_hierarchical,frozen,0.6931471805599453,7,regional,0.1,0.026676989054809693,0.0034853701644310467,1
looped_hierarchical,frozen,0.6931471805599453,7,regional,0.2,0.053353978109619386,0.006970740328862089,1
looped_hierarchical,frozen,0.6931471805599453,7,regional,0.3,0.08003096716442908,0.01106305863616142,0
looped_hierarchical,frozen,0.6931471805599453,7,regional,0.4,0.10670795621923877,0.018400524186600715,0
looped_hierarchical,frozen,0.6931471805599453,7,regional,0.5,0.13338494527404846,0.026868982067687147,0
looped_hierarchical,frozen,0.6931471805599453,7,regional,0.6,0.16006193432885815,0.03566708318582882,0
looped_hierarchical,frozen,0.6931471805599453,7,regional,0.7,0.18673892338366782,0.04460017003594376,0
looped_hierarchical,frozen,0.6931471805599453,7,regional,0.8,0.21341591243847755,0.05360123622707853,0
looped_hierarchical,frozen,0.6931471805599453,7,regional,0.9,0.24009290149328721,0.06268461728222294,0
looped_hierarchical,frozen,0.6931471805599453,8,multifocal,0.0,0.0,2.7755575615628914e-17,1
looped_hierarchical,frozen,0.6931471805599453,8,multifocal,0.1,0.019231292530657567,0.002768442689033831,1
looped_hierarchical,frozen,0.6931471805599453,8,multifocal,0.2,0.038462585061315134,0.005605389283454995,1
looped_hierarchical,frozen,0.6931471805599453,8,multifocal,0.3,0.05769387759197269,0.010742426661334981,0
looped_hierarchical,frozen,0.6931471805599453,8,multifocal,0.4,0.07692517012263027,0.016889834630003587,0
looped_hierarchical,frozen,0.6931471805599453,8,multifocal,0.5,0.09615646265328782,0.023259852509919205,0
looped_hierarchical,frozen,0.6931471805599453,8,multifocal,0.6,0.11538775518394538,0.02970963489235673,0
looped_hierarchical,frozen,0.6931471805599453,8,multifocal,0.7,0.13461904771460295,0.036196567707321436,0
looped_hierarchical,frozen,0.6931471805599453,8,multifocal,0.8,0.15385034024526054,0.042703724238570676,0
looped_hierarchical,frozen,0.6931471805599453,8,multifocal,0.9,0.1730816327759181,0.04922308458027282,0
looped_hierarchical,frozen,0.6931471805599453,9,localized,0.0,0.0,2.7755575615628914e-17,1
looped_hierarchical,frozen,0.6931471805599453,9,localized,0.1,0.05786787529138118,0.007705914411564255,1
looped_hierarchical,frozen,0.6931471805599453,9,localized,0.2,0.11573575058276236,0.01717236890390593,0
looped_hierarchical,frozen,0.6931471805599453,9,localized,0.3,0.17360362587414352,0.03416573610610526,0
looped_hierarchical,frozen,0.6931471805599453,9,localized,0.4,0.23147150116552473,0.05271572834712588,0
looped_hierarchical,frozen,0.6931471805599453,9,localized,0.5,0.2893393764569059,0.07207857863716029,0
looped_hierarchical,frozen,0.6931471805599453,9,localized,0.6,0.34720725174828704,0.09191772260681472,0
looped_hierarchical,frozen,0.6931471805599453,9,localized,0.7,0.4050751270396682,0.11198029606934466,0
looped_hierarchical,frozen,0.6931471805599453,9,localized,0.8,0.46294300233104946,0.13216458842677023,0
looped_hierarchical,frozen,0.6931471805599453,9,localized,0.9,0.5208108776224306,0.1524222520104651,0
looped_hierarchical,frozen,0.6931471805599453,10,regional,0.0,0.0,2.7755575615628914e-17,1
looped_hierarchical,frozen,0.6931471805599453,10,regional,0.1,0.027098537343190357,0.0030122622056279608,1
looped_hierarchical,frozen,0.6931471805599453,10,regional,0.2,0.054197074686380714,0.006024524411255927,1
looped_hierarchical,frozen,0.6931471805599453,10,regional,0.3,0.08129561202957106,0.009036786616883884,1
looped_hierarchical,frozen,0.6931471805599453,10,regional,0.4,0.10839414937276143,0.013531356271350587,0
looped_hierarchical,frozen,0.6931471805599453,10,regional,0.5,0.13549268671595177,0.019628682461215748,0
looped_hierarchical,frozen,0.6931471805599453,10,regional,0.6,0.16259122405914211,0.026235474753070025,0
looped_hierarchical,frozen,0.6931471805599453,10,regional,0.7,0.18968976140233246,0.03321211003932223,0
looped_hierarchical,frozen,0.6931471805599453,10,regional,0.8,0.21678829874552286,0.04109885075562405,0
looped_hierarchical,frozen,0.6931471805599453,10,regional,0.9,0.2438868360887132,0.04958598083266215,0
looped_hierarchical,frozen,0.6931471805599453,11,multifocal,0.0,0.0,2.7755575615628914e-17,1
looped_hierarchical,frozen,0.6931471805599453,11,multifocal,0.1,0.022758391607770788,0.003241356128026709,1
looped_hierarchical,frozen,0.6931471805599453,11,multifocal,0.2,0.045516783215541576,0.006482712256053415,1
looped_hierarchical,frozen,0.6931471805599453,11,multifocal,0.3,0.06827517482331236,0.010705885556325827,0
looped_hierarchical,frozen,0.6931471805599453,11,multifocal,0.4,0.09103356643108315,0.016471548745215153,0
looped_hierarchical,frozen,0.6931471805599453,11,multifocal,0.5,0.11379195803885393,0.02274680011109244,0
looped_hierarchical,frozen,0.6931471805599453,11,multifocal,0.6,0.1365503496466247,0.029617045885512738,0
looped_hierarchical,frozen,0.6931471805599453,11,multifocal,0.7,0.1593087412543955,0.03695469119371166,0
looped_hierarchical,frozen,0.6931471805599453,11,multifocal,0.8,0.1820671328621663,0.04453753651368429,0
looped_hierarchical,frozen,0.6931471805599453,11,multifocal,0.9,0.20482552446993707,0.05225366912384914,0
looped_hierarchical,frozen,0.6931471805599453,12,localized,0.0,0.0,2.7755575615628914e-17,1
looped_hierarchical,frozen,0.6931471805599453,12,localized,0.1,0.06074174889080113,0.006954447549320317,1
looped_hierarchical,frozen,0.6931471805599453,12,localized,0.2,0.12148349778160226,0.021829493187403713,0
looped_hierarchical,frozen,0.6931471805599453,12,localized,0.3,0.1822252466724034,0.04136180427990702,0
looped_hierarchical,frozen,0.6931471805599453,12,localized,0.4,0.24296699556320453,0.062188913387661374,0
looped_hierarchical,frozen,0.6931471805599453,12,localized,0.5,0.30370874445400564,0.08334574409029562,0
looped_hierarchical,frozen,0.6931471805599453,12,localized,0.6,0.3644504933448068,0.10463247670857424,0
looped_hierarchical,frozen,0.6931471805599453,12,localized,0.7,0.42519224223560786,0.1259832819105531,0
looped_hierarchical,frozen,0.6931471805599453,12,localized,0.8,0.48593399112640906,0.14737031408772852,0
looped_hierarchical,frozen,0.6931471805599453,12,localized,0.9,0.5466757400172102,0.1687798022343192,0
looped_hierarchical,frozen,0.6931471805599453,13,regional,0.0,0.0,2.7755575615628914e-17,1
looped_hierarchical,frozen,0.6931471805599453,13,regional,0.1,0.027652345364209754,0.002605134972279409,1
looped_hierarchical,frozen,0.6931471805599453,13,regional,0.2,0.05530469072841951,0.005210269944558814,1
looped_hierarchical,frozen,0.6931471805599453,13,regional,0.3,0.08295703609262925,0.008076517037822716,1
looped_hierarchical,frozen,0.6931471805599453,13,regional,0.4,0.11060938145683902,0.014433581105689462,0
looped_hierarchical,frozen,0.6931471805599453,13,regional,0.5,0.13826172682104876,0.022328736981264,0
looped_hierarchical,frozen,0.6931471805599453,13,regional,0.6,0.1659140721852585,0.03064157558824375,0
looped_hierarchical,frozen,0.6931471805599453,13,regional,0.7,0.19356641754946824,0.039106639354325505,0
looped_hierarchical,frozen,0.6931471805599453,13,regional,0.8,0.22121876291367804,0.04780673364694396,0
looped_hierarchical,frozen,0.6931471805599453,13,regional,0.9,0.24887110827788778,0.056854803896714746,0
looped_hierarchical,frozen,0.6931471805599453,14,multifocal,0.0,0.0,2.7755575615628914e-17,1
looped_hierarchical,frozen,0.6931471805599453,14,multifocal,0.1,0.026374915777984127,0.008167271794102813,1
looped_hierarchical,frozen,0.6931471805599453,14,multifocal,0.2,0.052749831555968255,0.016334543588205623,0
looped_hierarchical,frozen,0.6931471805599453,14,multifocal,0.3,0.07912474733395237,0.02450181538230844,0
looped_hierarchical,frozen,0.6931471805599453,14,multifocal,0.4,0.10549966311193651,0.03266908717641125,0
looped_hierarchical,frozen,0.6931471805599453,14,multifocal,0.5,0.13187457888992063,0.04083635897051406,0
looped_hierarchical,frozen,0.6931471805599453,14,multifocal,0.6,0.15824949466790475,0.049055058034736254,0
looped_hierarchical,frozen,0.6931471805599453,14,multifocal,0.7,0.18462441044588887,0.05751113999861404,0
looped_hierarchical,frozen,0.6931471805599453,14,multifocal,0.8,0.21099932622387302,0.06613687807492814,0
looped_hierarchical,frozen,0.6931471805599453,14,multifocal,0.9,0.23737424200185714,0.07488799948948352,0
looped_hierarchical,frozen,0.6931471805599453,15,localized,0.0,0.0,2.7755575615628914e-17,1
looped_hierarchical,frozen,0.6931471805599453,15,localized,0.1,0.06496247979140254,0.012113342170025557,0
looped_hierarchical,frozen,0.6931471805599453,15,localized,0.2,0.1299249595828051,0.029147187457274067,0
looped_hierarchical,frozen,0.6931471805599453,15,localized,0.3,0.1948874393742076,0.04721864531550876,0
looped_hierarchical,frozen,0.6931471805599453,15,localized,0.4,0.2598499191656102,0.06623898599333825,0
looped_hierarchical,frozen,0.6931471805599453,15,localized,0.5,0.3248123989570127,0.08710261965590688,0
looped_hierarchical,frozen,0.6931471805599453,15,localized,0.6,0.3897748787484152,0.1088170959986508,0
looped_hierarchical,frozen,0.6931471805599453,15,localized,0.7,0.4547373585398177,0.1309598616271401,0
looped_hierarchical,frozen,0.6931471805599453,15,localized,0.8,0.5196998383312204,0.15334549643984297,0
looped_hierarchical,frozen,0.6931471805599453,15,localized,0.9,0.5846623181226228,0.17588128992171448,0
looped_hierarchical,frozen,0.6931471805599453,16,regional,0.0,0.0,2.7755575615628914e-17,1
looped_hierarchical,frozen,0.6931471805599453,16,regional,0.1,0.036791978780361105,0.006008497503125406,1
looped_hierarchical,frozen,0.6931471805599453,16,regional,0.2,0.07358395756072221,0.013776137399316659,0
looped_hierarchical,frozen,0.6931471805599453,16,regional,0.3,0.1103759363410833,0.023843059564022957,0
looped_hierarchical,frozen,0.6931471805599453,16,regional,0.4,0.14716791512144442,0.03459811374594662,0
looped_hierarchical,frozen,0.6931471805599453,16,regional,0.5,0.1839598939018055,0.046238804988738225,0
looped_hierarchical,frozen,0.6931471805599453,16,regional,0.6,0.2207518726821666,0.05833500604645594,0
looped_hierarchical,frozen,0.6931471805599453,16,regional,0.7,0.2575438514625277,0.07075266831547422,0
looped_hierarchical,frozen,0.6931471805599453,16,regional,0.8,0.29433583024288884,0.08335058273775059,0
looped_hierarchical,frozen,0.6931471805599453,16,regional,0.9,0.3311278090232499,0.0960578556773434,0
looped_hierarchical,frozen,0.6931471805599453,17,multifocal,0.0,0.0,2.7755575615628914e-17,1
looped_hierarchical,frozen,0.6931471805599453,17,multifocal,0.1,0.03124752770545966,0.009278001068750869,1
looped_hierarchical,frozen,0.6931471805599453,17,multifocal,0.2,0.06249505541091932,0.01855600213750173,0
looped_hierarchical,frozen,0.6931471805599453,17,multifocal,0.3,0.09374258311637898,0.02783400320625259,0
looped_hierarchical,frozen,0.6931471805599453,17,multifocal,0.4,0.12499011082183864,0.03711200427500346,0
looped_hierarchical,frozen,0.6931471805599453,17,multifocal,0.5,0.1562376385272983,0.046481967896562455,0
looped_hierarchical,frozen,0.6931471805599453,17,multifocal,0.6,0.18748516623275796,0.056225830200085945,0
looped_hierarchical,frozen,0.6931471805599453,17,multifocal,0.7,0.21873269393821762,0.06630205734141609,0
looped_hierarchical,frozen,0.6931471805599453,17,multifocal,0.8,0.24998022164367728,0.07660995161157173,0
looped_hierarchical,frozen,0.6931471805599453,17,multifocal,0.9,0.28122774934913697,0.08706727063804001,0
looped_hierarchical,frozen,0.6931471805599453,18,localized,0.0,0.0,2.7755575615628914e-17,1
looped_hierarchical,frozen,0.6931471805599453,18,localized,0.1,0.048233568975084046,0.011405776135109845,0
looped_hierarchical,frozen,0.6931471805599453,18,localized,0.2,0.09646713795016809,0.02281155227021969,0
looped_hierarchical,frozen,0.6931471805599453,18,localized,0.3,0.14470070692525214,0.034949467510276055,0
looped_hierarchical,frozen,0.6931471805599453,18,localized,0.4,0.19293427590033618,0.049331232797966584,0
looped_hierarchical,frozen,0.6931471805599453,18,localized,0.5,0.24116784487542023,0.0646315677092884,0
looped_hierarchical,frozen,0.6931471805599453,18,localized,0.6,0.2894014138505043,0.08032728256844815,0
looped_hierarchical,frozen,0.6931471805599453,18,localized,0.7,0.3376349828255883,0.09622509480473437,0
looped_hierarchical,frozen,0.6931471805599453,18,localized,0.8,0.38586855180067237,0.11228082004027688,0
looped_hierarchical,frozen,0.6931471805599453,18,localized,0.9,0.43410212077575644,0.128578904349556,0
looped_hierarchical,frozen,0.6931471805599453,19,regional,0.0,0.0,2.7755575615628914e-17,1
looped_hierarchical,frozen,0.6931471805599453,19,regional,0.1,0.03764430013490742,0.006299114519223622,1
looped_hierarchical,frozen,0.6931471805599453,19,regional,0.2,0.07528860026981483,0.012598229038447234,0
looped_hierarchical,frozen,0.6931471805599453,19,regional,0.3,0.11293290040472224,0.020226827603662144,0
looped_hierarchical,frozen,0.6931471805599453,19,regional,0.4,0.15057720053962967,0.030322250957943386,0
looped_hierarchical,frozen,0.6931471805599453,19,regional,0.5,0.18822150067453708,0.041296594961499525,0
looped_hierarchical,frozen,0.6931471805599453,19,regional,0.6,0.2258658008094445,0.053187828495411114,0
looped_hierarchical,frozen,0.6931471805599453,19,regional,0.7,0.2635101009443519,0.06558150159700764,0
looped_hierarchical,frozen,0.6931471805599453,19,regional,0.8,0.30115440107925934,0.07823920698982892,0
looped_hierarchical,frozen,0.6931471805599453,19,regional,0.9,0.3387987012141668,0.09105089552604193,0
looped_hierarchical,high,1.3862943611198906,0,localized,0.0,0.0,2.7755575615628914e-17,1
looped_hierarchical,high,1.3862943611198906,0,localized,0.1,0.05976613470966107,0.013954585339300314,0
looped_hierarchical,high,1.3862943611198906,0,localized,0.2,0.11953226941932214,0.027909170678600617,0
looped_hierarchical,high,1.3862943611198906,0,localized,0.3,0.1792984041289832,0.041863756017900926,0
looped_hierarchical,high,1.3862943611198906,0,localized,0.4,0.23906453883864429,0.05615437781852409,0
looped_hierarchical,high,1.3862943611198906,0,localized,0.5,0.29883067354830534,0.07296027242318714,0
looped_hierarchical,high,1.3862943611198906,0,localized,0.6,0.3585968082579664,0.09157557682307632,0
looped_hierarchical,high,1.3862943611198906,0,localized,0.7,0.41836294296762744,0.11109441436645662,0
looped_hierarchical,high,1.3862943611198906,0,localized,0.8,0.47812907767728857,0.13111387894081286,0
looped_hierarchical,high,1.3862943611198906,0,localized,0.9,0.5378952123869496,0.1514355549827041,0
looped_hierarchical,high,1.3862943611198906,1,regional,0.0,0.0,2.7755575615628914e-17,1
looped_hierarchical,high,1.3862943611198906,1,regional,0.1,0.03781375768891352,0.006554787474673912,1
looped_hierarchical,high,1.3862943611198906,1,regional,0.2,0.07562751537782704,0.013109574949347823,0
looped_hierarchical,high,1.3862943611198906,1,regional,0.3,0.11344127306674055,0.01966436242402174,0
looped_hierarchical,high,1.3862943611198906,1,regional,0.4,0.15125503075565408,0.02621914989869565,0
looped_hierarchical,high,1.3862943611198906,1,regional,0.5,0.1890687884445676,0.03277393737336956,0
looped_hierarchical,high,1.3862943611198906,1,regional,0.6,0.2268825461334811,0.039389646739793574,0
looped_hierarchical,high,1.3862943611198906,1,regional,0.7,0.2646963038223946,0.046582529974621915,0
looped_hierarchical,high,1.3862943611198906,1,regional,0.8,0.30251006151130816,0.054868752968152364,0
looped_hierarchical,high,1.3862943611198906,1,regional,0.9,0.3403238192002217,0.06408820451682988,0
looped_hierarchical,high,1.3862943611198906,2,multifocal,0.0,0.0,2.7755575615628914e-17,1
looped_hierarchical,high,1.3862943611198906,2,multifocal,0.1,0.01552865689416847,0.002476157464423186,1
looped_hierarchical,high,1.3862943611198906,2,multifocal,0.2,0.03105731378833694,0.004952314928846377,1
looped_hierarchical,high,1.3862943611198906,2,multifocal,0.3,0.046585970682505404,0.007428472393269565,1
looped_hierarchical,high,1.3862943611198906,2,multifocal,0.4,0.06211462757667388,0.009904629857692752,1
looped_hierarchical,high,1.3862943611198906,2,multifocal,0.5,0.07764328447084234,0.012380787322115935,0
looped_hierarchical,high,1.3862943611198906,2,multifocal,0.6,0.09317194136501081,0.014856944786539128,0
looped_hierarchical,high,1.3862943611198906,2,multifocal,0.7,0.10870059825917927,0.01740675737381164,0
looped_hierarchical,high,1.3862943611198906,2,multifocal,0.8,0.12422925515334776,0.020809120543668666,0
looped_hierarchical,high,1.3862943611198906,2,multifocal,0.9,0.13975791204751623,0.02491732957337348,0
looped_hierarchical,high,1.3862943611198906,3,localized,0.0,0.0,2.7755575615628914e-17,1
looped_hierarchical,high,1.3862943611198906,3,localized,0.1,0.057105734546330715,0.003944386578883256,1
looped_hierarchical,high,1.3862943611198906,3,localized,0.2,0.11421146909266143,0.00808155284156858,1
looped_hierarchical,high,1.3862943611198906,3,localized,0.3,0.17131720363899214,0.018689929812744276,0
looped_hierarchical,high,1.3862943611198906,3,localized,0.4,0.22842293818532286,0.03228638694850102,0
looped_hierarchical,high,1.3862943611198906,3,localized,0.5,0.28552867273165355,0.04990233894351362,0
looped_hierarchical,high,1.3862943611198906,3,localized,0.6,0.3426344072779843,0.06894448717190729,0
looped_hierarchical,high,1.3862943611198906,3,localized,0.7,0.39974014182431494,0.08849693452476338,0
looped_hierarchical,high,1.3862943611198906,3,localized,0.8,0.4568458763706457,0.10828360336949558,0
looped_hierarchical,high,1.3862943611198906,3,localized,0.9,0.5139516109169764,0.12819608545740857,0
looped_hierarchical,high,1.3862943611198906,4,regional,0.0,0.0,2.7755575615628914e-17,1
looped_hierarchical,high,1.3862943611198906,4,regional,0.1,0.027029357927002652,0.0036806614323943313,1
looped_hierarchical,high,1.3862943611198906,4,regional,0.2,0.054058715854005304,0.007361322864788674,1
looped_hierarchical,high,1.3862943611198906,4,regional,0.3,0.08108807378100795,0.011041984297183005,0
looped_hierarchical,high,1.3862943611198906,4,regional,0.4,0.10811743170801061,0.015082227485858897,0
looped_hierarchical,high,1.3862943611198906,4,regional,0.5,0.13514678963501325,0.020387777293684444,0
looped_hierarchical,high,1.3862943611198906,4,regional,0.6,0.1621761475620159,0.026434970254871817,0
looped_hierarchical,high,1.3862943611198906,4,regional,0.7,0.18920550548901854,0.033674609284500216,0
looped_hierarchical,high,1.3862943611198906,4,regional,0.8,0.21623486341602122,0.041631944943505673,0
looped_hierarchical,high,1.3862943611198906,4,regional,0.9,0.24326422134302386,0.04996525032782256,0
looped_hierarchical,high,1.3862943611198906,5,multifocal,0.0,0.0,2.7755575615628914e-17,1
looped_hierarchical,high,1.3862943611198906,5,multifocal,0.1,0.023118987039703415,0.0032150878325460995,1
looped_hierarchical,high,1.3862943611198906,5,multifocal,0.2,0.04623797407940683,0.006430175665092202,1
looped_hierarchical,high,1.3862943611198906,5,multifocal,0.3,0.06935696111911024,0.0096452634976383,1
looped_hierarchical,high,1.3862943611198906,5,multifocal,0.4,0.09247594815881366,0.012860351330184396,0
looped_hierarchical,high,1.3862943611198906,5,multifocal,0.5,0.11559493519851707,0.016380693457660203,0
looped_hierarchical,high,1.3862943611198906,5,multifocal,0.6,0.1387139222382205,0.020705350041843772,0
looped_hierarchical,high,1.3862943611198906,5,multifocal,0.7,0.1618329092779239,0.02579896084920795,0
looped_hierarchical,high,1.3862943611198906,5,multifocal,0.8,0.18495189631762732,0.03194371813482489,0
looped_hierarchical,high,1.3862943611198906,5,multifocal,0.9,0.20807088335733073,0.0386640125997238,0
looped_hierarchical,high,1.3862943611198906,6,localized,0.0,0.0,2.7755575615628914e-17,1
looped_hierarchical,high,1.3862943611198906,6,localized,0.1,0.04455033470900132,0.009673742032248859,1
looped_hierarchical,high,1.3862943611198906,6,localized,0.2,0.08910066941800264,0.019347484064497714,0
looped_hierarchical,high,1.3862943611198906,6,localized,0.3,0.13365100412700395,0.029021226096746566,0
looped_hierarchical,high,1.3862943611198906,6,localized,0.4,0.17820133883600528,0.03869496812899542,0
looped_hierarchical,high,1.3862943611198906,6,localized,0.5,0.22275167354500658,0.04897035748855591,0
looped_hierarchical,high,1.3862943611198906,6,localized,0.6,0.2673020082540079,0.060535099255684906,0
looped_hierarchical,high,1.3862943611198906,6,localized,0.7,0.3118523429630092,0.07295903329714518,0
looped_hierarchical,high,1.3862943611198906,6,localized,0.8,0.35640267767201056,0.08640359095139744,0
looped_hierarchical,high,1.3862943611198906,6,localized,0.9,0.40095301238101183,0.10050758848492679,0
looped_hierarchical,high,1.3862943611198906,7,regional,0.0,0.0,2.7755575615628914e-17,1
looped_hierarchical,high,1.3862943611198906,7,regional,0.1,0.026676989054809693,0.0034853701644310467,1
looped_hierarchical,high,1.3862943611198906,7,regional,0.2,0.053353978109619386,0.006970740328862089,1
looped_hierarchical,high,1.3862943611198906,7,regional,0.3,0.08003096716442908,0.010456110493293137,0
looped_hierarchical,high,1.3862943611198906,7,regional,0.4,0.10670795621923877,0.013978587476130924,0
looped_hierarchical,high,1.3862943611198906,7,regional,0.5,0.13338494527404846,0.018415886181005755,0
looped_hierarchical,high,1.3862943611198906,7,regional,0.6,0.16006193432885815,0.023590633922007536,0
looped_hierarchical,high,1.3862943611198906,7,regional,0.7,0.18673892338366782,0.030017794798279065,0
looped_hierarchical,high,1.3862943611198906,7,regional,0.8,0.21341591243847755,0.03751602056302999,0
looped_hierarchical,high,1.3862943611198906,7,regional,0.9,0.24009290149328721,0.04555951483328665,0
looped_hierarchical,high,1.3862943611198906,8,multifocal,0.0,0.0,2.7755575615628914e-17,1
looped_hierarchical,high,1.3862943611198906,8,multifocal,0.1,0.019231292530657567,0.002768442689033831,1
looped_hierarchical,high,1.3862943611198906,8,multifocal,0.2,0.038462585061315134,0.005536885378067662,1
looped_hierarchical,high,1.3862943611198906,8,multifocal,0.3,0.05769387759197269,0.008305328067101499,1
looped_hierarchical,high,1.3862943611198906,8,multifocal,0.4,0.07692517012263027,0.0120856567598465,0
looped_hierarchical,high,1.3862943611198906,8,multifocal,0.5,0.09615646265328782,0.017515719824010987,0
looped_hierarchical,high,1.3862943611198906,8,multifocal,0.6,0.11538775518394538,0.02350095716914919,0
looped_hierarchical,high,1.3862943611198906,8,multifocal,0.7,0.13461904771460295,0.029707688231426273,0
looped_hierarchical,high,1.3862943611198906,8,multifocal,0.8,0.15385034024526054,0.0360216004297639,0
looped_hierarchical,high,1.3862943611198906,8,multifocal,0.9,0.1730816327759181,0.04239483294298982,0
looped_hierarchical,high,1.3862943611198906,9,localized,0.0,0.0,2.7755575615628914e-17,1
looped_hierarchical,high,1.3862943611198906,9,localized,0.1,0.05786787529138118,0.007705914411564254,1
looped_hierarchical,high,1.3862943611198906,9,localized,0.2,0.11573575058276236,0.015411828823128509,0
looped_hierarchical,high,1.3862943611198906,9,localized,0.3,0.17360362587414352,0.023404047246792535,0
looped_hierarchical,high,1.3862943611198906,9,localized,0.4,0.23147150116552473,0.03592074139208329,0
looped_hierarchical,high,1.3862943611198906,9,localized,0.5,0.2893393764569059,0.0522650188444213,0
looped_hierarchical,high,1.3862943611198906,9,localized,0.6,0.34720725174828704,0.06985239202674763,0
looped_hierarchical,high,1.3862943611198906,9,localized,0.7,0.4050751270396682,0.08810186450479696,0
looped_hierarchical,high,1.3862943611198906,9,localized,0.8,0.46294300233104946,0.10711733942521763,0
looped_hierarchical,high,1.3862943611198906,9,localized,0.9,0.5208108776224306,0.12658389719683014,0
looped_hierarchical,high,1.3862943611198906,10,regional,0.0,0.0,2.7755575615628914e-17,1
looped_hierarchical,high,1.3862943611198906,10,regional,0.1,0.027098537343190357,0.0030122622056279608,1
looped_hierarchical,high,1.3862943611198906,10,regional,0.2,0.054197074686380714,0.006024524411255927,1
looped_hierarchical,high,1.3862943611198906,10,regional,0.3,0.08129561202957106,0.009036786616883884,1
looped_hierarchical,high,1.3862943611198906,10,regional,0.4,0.10839414937276143,0.012049048822511852,0
looped_hierarchical,high,1.3862943611198906,10,regional,0.5,0.13549268671595177,0.015061311028139816,0
looped_hierarchical,high,1.3862943611198906,10,regional,0.6,0.16259122405914211,0.018652175122023194,0
looped_hierarchical,high,1.3862943611198906,10,regional,0.7,0.18968976140233246,0.023636367945176314,0
looped_hierarchical,high,1.3862943611198906,10,regional,0.8,0.21678829874552286,0.029347903761427516,0
looped_hierarchical,high,1.3862943611198906,10,regional,0.9,0.2438868360887132,0.035436821717436486,0
looped_hierarchical,high,1.3862943611198906,11,multifocal,0.0,0.0,2.7755575615628914e-17,1
looped_hierarchical,high,1.3862943611198906,11,multifocal,0.1,0.022758391607770788,0.003241356128026709,1
looped_hierarchical,high,1.3862943611198906,11,multifocal,0.2,0.045516783215541576,0.006482712256053415,1
looped_hierarchical,high,1.3862943611198906,11,multifocal,0.3,0.06827517482331236,0.009724068384080124,1
looped_hierarchical,high,1.3862943611198906,11,multifocal,0.4,0.09103356643108315,0.01296542451210683,0
looped_hierarchical,high,1.3862943611198906,11,multifocal,0.5,0.11379195803885393,0.016830364354122388,0
looped_hierarchical,high,1.3862943611198906,11,multifocal,0.6,0.1365503496466247,0.021951649352161415,0
looped_hierarchical,high,1.3862943611198906,11,multifocal,0.7,0.1593087412543955,0.027707884439315062,0
looped_hierarchical,high,1.3862943611198906,11,multifocal,0.8,0.1820671328621663,0.03417869529311997,0
looped_hierarchical,high,1.3862943611198906,11,multifocal,0.9,0.20482552446993707,0.04111724615097886,0
looped_hierarchical,high,1.3862943611198906,12,localized,0.0,0.0,2.7755575615628914e-17,1
looped_hierarchical,high,1.3862943611198906,12,localized,0.1,0.06074174889080113,0.006570681430356719,1
looped_hierarchical,high,1.3862943611198906,12,localized,0.2,0.12148349778160226,0.013566526353511955,0
looped_hierarchical,high,1.3862943611198906,12,localized,0.3,0.1822252466724034,0.02595805483878974,0
looped_hierarchical,high,1.3862943611198906,12,localized,0.4,0.24296699556320453,0.040986754978280956,0
looped_hierarchical,high,1.3862943611198906,12,localized,0.5,0.30370874445400564,0.05962325067880953,0
looped_hierarchical,high,1.3862943611198906,12,localized,0.6,0.3644504933448068,0.07970156820254523,0
looped_hierarchical,high,1.3862943611198906,12,localized,0.7,0.42519224223560786,0.10036004155519297,0
looped_hierarchical,high,1.3862943611198906,12,localized,0.8,0.48593399112640906,0.12130262125178269,0
looped_hierarchical,high,1.3862943611198906,12,localized,0.9,0.5466757400172102,0.14240401651191273,0
looped_hierarchical,high,1.3862943611198906,13,regional,0.0,0.0,2.7755575615628914e-17,1
looped_hierarchical,high,1.3862943611198906,13,regional,0.1,0.027652345364209754,0.002605134972279409,1
looped_hierarchical,high,1.3862943611198906,13,regional,0.2,0.05530469072841951,0.005210269944558814,1
looped_hierarchical,high,1.3862943611198906,13,regional,0.3,0.08295703609262925,0.007815404916838223,1
looped_hierarchical,high,1.3862943611198906,13,regional,0.4,0.11060938145683902,0.01042053988911763,0
looped_hierarchical,high,1.3862943611198906,13,regional,0.5,0.13826172682104876,0.013033730818002492,0
looped_hierarchical,high,1.3862943611198906,13,regional,0.6,0.1659140721852585,0.01782063754867981,0
looped_hierarchical,high,1.3862943611198906,13,regional,0.7,0.19356641754946824,0.02469990295047635,0
looped_hierarchical,high,1.3862943611198906,13,regional,0.8,0.22121876291367804,0.032364074605627034,0
looped_hierarchical,high,1.3862943611198906,13,regional,0.9,0.24887110827788778,0.04039619920471767,0
looped_hierarchical,high,1.3862943611198906,14,multifocal,0.0,0.0,2.7755575615628914e-17,1
looped_hierarchical,high,1.3862943611198906,14,multifocal,0.1,0.026374915777984127,0.008167271794102813,1
looped_hierarchical,high,1.3862943611198906,14,multifocal,0.2,0.052749831555968255,0.016334543588205623,0
looped_hierarchical,high,1.3862943611198906,14,multifocal,0.3,0.07912474733395237,0.02450181538230844,0
looped_hierarchical,high,1.3862943611198906,14,multifocal,0.4,0.10549966311193651,0.03266908717641125,0
looped_hierarchical,high,1.3862943611198906,14,multifocal,0.5,0.13187457888992063,0.04083635897051406,0
looped_hierarchical,high,1.3862943611198906,14,multifocal,0.6,0.15824949466790475,0.049003630764616876,0
looped_hierarchical,high,1.3862943611198906,14,multifocal,0.7,0.18462441044588887,0.05717090255871969,0
looped_hierarchical,high,1.3862943611198906,14,multifocal,0.8,0.21099932622387302,0.0653381743528225,0
looped_hierarchical,high,1.3862943611198906,14,multifocal,0.9,0.23737424200185714,0.07350917278449949,0
looped_hierarchical,high,1.3862943611198906,15,localized,0.0,0.0,2.7755575615628914e-17,1
looped_hierarchical,high,1.3862943611198906,15,localized,0.1,0.06496247979140254,0.011679094391932274,0
looped_hierarchical,high,1.3862943611198906,15,localized,0.2,0.1299249595828051,0.02467371304225748,0
looped_hierarchical,high,1.3862943611198906,15,localized,0.3,0.1948874393742076,0.04099684542639845,0
looped_hierarchical,high,1.3862943611198906,15,localized,0.4,0.2598499191656102,0.058148842846366317,0
looped_hierarchical,high,1.3862943611198906,15,localized,0.5,0.3248123989570127,0.07556739960894424,0
looped_hierarchical,high,1.3862943611198906,15,localized,0.6,0.3897748787484152,0.09318813987992486,0
looped_hierarchical,high,1.3862943611198906,15,localized,0.7,0.4547373585398177,0.11224816099467441,0
looped_hierarchical,high,1.3862943611198906,15,localized,0.8,0.5196998383312204,0.13255301137376838,0
looped_hierarchical,high,1.3862943611198906,15,localized,0.9,0.5846623181226228,0.15360984000702707,0
looped_hierarchical,high,1.3862943611198906,16,regional,0.0,0.0,2.7755575615628914e-17,1
looped_hierarchical,high,1.3862943611198906,16,regional,0.1,0.036791978780361105,0.006008497503125405,1
looped_hierarchical,high,1.3862943611198906,16,regional,0.2,0.07358395756072221,0.0120169950062508,0
looped_hierarchical,high,1.3862943611198906,16,regional,0.3,0.1103759363410833,0.01934355380010152,0
looped_hierarchical,high,1.3862943611198906,16,regional,0.4,0.14716791512144442,0.028652839378591127,0
looped_hierarchical,high,1.3862943611198906,16,regional,0.5,0.1839598939018055,0.038573232203975315,0
looped_hierarchical,high,1.3862943611198906,16,regional,0.6,0.2207518726821666,0.049336592434947354,0
looped_hierarchical,high,1.3862943611198906,16,regional,0.7,0.2575438514625277,0.06081715835845098,0
looped_hierarchical,high,1.3862943611198906,16,regional,0.8,0.29433583024288884,0.07267583116673797,0
looped_hierarchical,high,1.3862943611198906,16,regional,0.9,0.3311278090232499,0.08475550767937419,0
looped_hierarchical,high,1.3862943611198906,17,multifocal,0.0,0.0,2.7755575615628914e-17,1
looped_hierarchical,high,1.3862943611198906,17,multifocal,0.1,0.03124752770545966,0.009278001068750869,1
looped_hierarchical,high,1.3862943611198906,17,multifocal,0.2,0.06249505541091932,0.01855600213750173,0
looped_hierarchical,high,1.3862943611198906,17,multifocal,0.3,0.09374258311637898,0.02783400320625259,0
looped_hierarchical,high,1.3862943611198906,17,multifocal,0.4,0.12499011082183864,0.03711200427500346,0
looped_hierarchical,high,1.3862943611198906,17,multifocal,0.5,0.1562376385272983,0.04639000534375433,0
looped_hierarchical,high,1.3862943611198906,17,multifocal,0.6,0.18748516623275796,0.055668006412505196,0
looped_hierarchical,high,1.3862943611198906,17,multifocal,0.7,0.21873269393821762,0.06494600748125605,0
looped_hierarchical,high,1.3862943611198906,17,multifocal,0.8,0.24998022164367728,0.07422400855000692,0
looped_hierarchical,high,1.3862943611198906,17,multifocal,0.9,0.28122774934913697,0.08350474901735909,0
looped_hierarchical,high,1.3862943611198906,18,localized,0.0,0.0,2.7755575615628914e-17,1
looped_hierarchical,high,1.3862943611198906,18,localized,0.1,0.048233568975084046,0.011405776135109846,0
looped_hierarchical,high,1.3862943611198906,18,localized,0.2,0.09646713795016809,0.02281155227021969,0
looped_hierarchical,high,1.3862943611198906,18,localized,0.3,0.14470070692525214,0.03421732840532954,0
looped_hierarchical,high,1.3862943611198906,18,localized,0.4,0.19293427590033618,0.045623104540439385,0
looped_hierarchical,high,1.3862943611198906,18,localized,0.5,0.24116784487542023,0.05712917103695864,0
looped_hierarchical,high,1.3862943611198906,18,localized,0.6,0.2894014138505043,0.0701897911413983,0
looped_hierarchical,high,1.3862943611198906,18,localized,0.7,0.3376349828255883,0.0845472243247111,0
looped_hierarchical,high,1.3862943611198906,18,localized,0.8,0.38586855180067237,0.09964246717634904,0
looped_hierarchical,high,1.3862943611198906,18,localized,0.9,0.43410212077575644,0.11518581141965113,0
looped_hierarchical,high,1.3862943611198906,19,regional,0.0,0.0,2.7755575615628914e-17,1
looped_hierarchical,high,1.3862943611198906,19,regional,0.1,0.03764430013490742,0.006299114519223622,1
looped_hierarchical,high,1.3862943611198906,19,regional,0.2,0.07528860026981483,0.012598229038447234,0
looped_hierarchical,high,1.3862943611198906,19,regional,0.3,0.11293290040472224,0.018897343557670844,0
looped_hierarchical,high,1.3862943611198906,19,regional,0.4,0.15057720053962967,0.025196458076894468,0
looped_hierarchical,high,1.3862943611198906,19,regional,0.5,0.18822150067453708,0.032394246472848595,0
looped_hierarchical,high,1.3862943611198906,19,regional,0.6,0.2258658008094445,0.04148384312576847,0
looped_hierarchical,high,1.3862943611198906,19,regional,0.7,0.2635101009443519,0.051509404859860136,0
looped_hierarchical,high,1.3862943611198906,19,regional,0.8,0.30115440107925934,0.06216481324569137,0
looped_hierarchical,high,1.3862943611198906,19,regional,0.9,0.3387987012141668,0.07364327258033043,0
grid_lattice,low,0.22314355131420976,0,localized,0.0,0.0,2.4037033579794548e-17,1
grid_lattice,low,0.22314355131420976,0,localized,0.1,0.041872409631777525,0.007937104929538854,1
grid_lattice,low,0.22314355131420976,0,localized,0.2,0.08374481926355505,0.022049451685668967,0
grid_lattice,low,0.22314355131420976,0,localized,0.3,0.12561722889533256,0.03651848321730921,0
grid_lattice,low,0.22314355131420976,0,localized,0.4,0.1674896385271101,0.05116685235359557,0
grid_lattice,low,0.22314355131420976,0,localized,0.5,0.20936204815888762,0.06588488912602984,0
grid_lattice,low,0.22314355131420976,0,localized,0.6,0.2512344577906651,0.0806344536945386,0
grid_lattice,low,0.22314355131420976,0,localized,0.7,0.29310686742244263,0.09540092401112775,0
grid_lattice,low,0.22314355131420976,0,localized,0.8,0.3349792770542202,0.11017750293880373,0
grid_lattice,low,0.22314355131420976,0,localized,0.9,0.3768516866859977,0.12496060450228334,0
grid_lattice,low,0.22314355131420976,1,regional,0.0,0.0,2.4037033579794548e-17,1
grid_lattice,low,0.22314355131420976,1,regional,0.1,0.037708544536034276,0.005912659657752251,1
grid_lattice,low,0.22314355131420976,1,regional,0.2,0.07541708907206855,0.018563023946534342,0
grid_lattice,low,0.22314355131420976,1,regional,0.3,0.11312563360810281,0.0317140495832707,0
grid_lattice,low,0.22314355131420976,1,regional,0.4,0.1508341781441371,0.04497128512275766,0
grid_lattice,low,0.22314355131420976,1,regional,0.5,0.18854272268017136,0.05826264337438781,0
grid_lattice,low,0.22314355131420976,1,regional,0.6,0.22625126721620561,0.07156911570717042,0
grid_lattice,low,0.22314355131420976,1,regional,0.7,0.26395981175223987,0.0848835945044631,0
grid_lattice,low,0.22314355131420976,1,regional,0.8,0.3016683562882742,0.09820282323663823,0
grid_lattice,low,0.22314355131420976,1,regional,0.9,0.33937690082430844,0.11152510008985073,0
grid_lattice,low,0.22314355131420976,2,multifocal,0.0,0.0,2.4037033579794548e-17,1
grid_lattice,low,0.22314355131420976,2,multifocal,0.1,0.030236564897479307,0.006263446032829538,1
grid_lattice,low,0.22314355131420976,2,multifocal,0.2,0.06047312979495861,0.016611410477743508,0
grid_lattice,low,0.22314355131420976,2,multifocal,0.3,0.09070969469243792,0.0272125876865738,0
grid_lattice,low,0.22314355131420976,2,multifocal,0.4,0.12094625958991723,0.03785483678242862,0
grid_lattice,low,0.22314355131420976,2,multifocal,0.5,0.15118282448739653,0.04851113455418886,0
grid_lattice,low,0.22314355131420976,2,multifocal,0.6,0.18141938938487584,0.05917389164429177,0
grid_lattice,low,0.22314355131420976,2,multifocal,0.7,0.21165595428235515,0.06984014961046126,0
grid_lattice,low,0.22314355131420976,2,multifocal,0.8,0.24189251917983445,0.08050851701266334,0
grid_lattice,low,0.22314355131420976,2,multifocal,0.9,0.2721290840773138,0.0911782534063384,0
grid_lattice,low,0.22314355131420976,3,localized,0.0,0.0,2.4037033579794548e-17,1
grid_lattice,low,0.22314355131420976,3,localized,0.1,0.045796884163396584,0.009678648629419905,1
grid_lattice,low,0.22314355131420976,3,localized,0.2,0.09159376832679317,0.025159456221591922,0
grid_lattice,low,0.22314355131420976,3,localized,0.3,0.13739065249018972,0.0411534290459415,0
grid_lattice,low,0.22314355131420976,3,localized,0.4,0.18318753665358634,0.057258622554872685,0
grid_lattice,low,0.22314355131420976,3,localized,0.5,0.2289844208169829,0.073401864017832,0
grid_lattice,low,0.22314355131420976,3,localized,0.6,0.27478130498037945,0.0895625818937357,0
grid_lattice,low,0.22314355131420976,3,localized,0.7,0.320578189143776,0.10573276294233883,0
grid_lattice,low,0.22314355131420976,3,localized,0.8,0.36637507330717267,0.12190864158515761,0
grid_lattice,low,0.22314355131420976,3,localized,0.9,0.41217195747056923,0.13808821556028925,0
grid_lattice,low,0.22314355131420976,4,regional,0.0,0.0,2.4037033579794548e-17,1
grid_lattice,low,0.22314355131420976,4,regional,0.1,0.02272447505344724,0.0019254102105077872,1
grid_lattice,low,0.22314355131420976,4,regional,0.2,0.04544895010689448,0.008038897139998839,1
grid_lattice,low,0.22314355131420976,4,regional,0.3,0.06817342516034171,0.01570596854741685,0
grid_lattice,low,0.22314355131420976,4,regional,0.4,0.09089790021378896,0.023605673073932174,0
grid_lattice,low,0.22314355131420976,4,regional,0.5,0.11362237526723619,0.031573384299880984,0
grid_lattice,low,0.22314355131420976,4,regional,0.6,0.13634685032068342,0.039568040545827673,0
grid_lattice,low,0.22314355131420976,4,regional,0.7,0.15907132537413066,0.04757606026919674,0
grid_lattice,low,0.22314355131420976,4,regional,0.8,0.18179580042757792,0.05559166871442075,0
grid_lattice,low,0.22314355131420976,4,regional,0.9,0.20452027548102514,0.06361199723152275,0
grid_lattice,low,0.22314355131420976,5,multifocal,0.0,0.0,2.4037033579794548e-17,1
grid_lattice,low,0.22314355131420976,5,multifocal,0.1,0.036681245730751794,0.005095661287289536,1
grid_lattice,low,0.22314355131420976,5,multifocal,0.2,0.07336249146150359,0.017299074987535072,0
grid_lattice,low,0.22314355131420976,5,multifocal,0.3,0.11004373719225538,0.029985821996452878,0
grid_lattice,low,0.22314355131420976,5,multifocal,0.4,0.14672498292300717,0.04283558725540727,0
grid_lattice,low,0.22314355131420976,5,multifocal,0.5,0.18340622865375897,0.055740505893992494,0
grid_lattice,low,0.22314355131420976,5,multifocal,0.6,0.22008747438451076,0.06866949035933471,0
grid_lattice,low,0.22314355131420976,5,multifocal,0.7,0.2567687201152625,0.08161110379227365,0
grid_lattice,low,0.22314355131420976,5,multifocal,0.8,0.29344996584601435,0.09456016108946576,0
grid_lattice,low,0.22314355131420976,5,multifocal,0.9,0.33013121157676617,0.10751397265206097,0
grid_lattice,low,0.22314355131420976,6,localized,0.0,0.0,2.4037033579794548e-17,1
grid_lattice,low,0.22314355131420976,6,localized,0.1,0.05669211783719191,0.014245546069352381,0
grid_lattice,low,0.22314355131420976,6,localized,0.2,0.11338423567438383,0.03352194121463539,0
grid_lattice,low,0.22314355131420976,6,localized,0.3,0.17007635351157574,0.053353588355866295,0
grid_lattice,low,0.22314355131420976,6,localized,0.4,0.22676847134876765,0.07329993200416439,0
grid_lattice,low,0.22314355131420976,6,localized,0.5,0.28346058918595957,0.09328801492903324,0
grid_lattice,low,0.22314355131420976,6,localized,0.6,0.3401527070231515,0.11329574786019309,0
grid_lattice,low,0.22314355131420976,6,localized,0.7,0.3968448248603434,0.13331428390543107,0
grid_lattice,low,0.22314355131420976,6,localized,0.8,0.4535369426975353,0.15333939206691746,0
grid_lattice,low,0.22314355131420976,6,localized,0.9,0.5102290605347273,0.17336879500620142,0
grid_lattice,low,0.22314355131420976,7,regional,0.0,0.0,2.4037033579794548e-17,1
grid_lattice,low,0.22314355131420976,7,regional,0.1,0.04536612037141965,0.009609186947095392,1
grid_lattice,low,0.22314355131420976,7,regional,0.2,0.0907322407428393,0.024767796587981592,0
grid_lattice,low,0.22314355131420976,7,regional,0.3,0.13609836111425894,0.040591566747168566,0
grid_lattice,low,0.22314355131420976,7,regional,0.4,0.1814644814856786,0.056536279433793454,0
grid_lattice,low,0.22314355131420976,7,regional,0.5,0.22683060185709822,0.07252273928107408,0
grid_lattice,low,0.22314355131420976,7,regional,0.6,0.2721967222285179,0.08852833305125457,0
grid_lattice,low,0.22314355131420976,7,regional,0.7,0.3175628425999375,0.10454427297669437,0
grid_lattice,low,0.22314355131420976,7,regional,0.8,0.3629289629713572,0.12056643600524097,0
grid_lattice,low,0.22314355131420976,7,regional,0.9,0.4082950833427768,0.136592632265341,0
grid_lattice,low,0.22314355131420976,8,multifocal,0.0,0.0,2.4037033579794548e-17,1
grid_lattice,low,0.22314355131420976,8,multifocal,0.1,0.03795650941695233,0.0057760136999534546,1
grid_lattice,low,0.22314355131420976,8,multifocal,0.2,0.07591301883390467,0.018466058370550677,0
grid_lattice,low,0.22314355131420976,8,multifocal,0.3,0.11386952825085697,0.03173998163928283,0
grid_lattice,low,0.22314355131420976,8,multifocal,0.4,0.15182603766780933,0.045099796174277756,0
grid_lattice,low,0.22314355131420976,8,multifocal,0.5,0.18978254708476164,0.0584870152020137,0
grid_lattice,low,0.22314355131420976,8,multifocal,0.6,0.22773905650171394,0.07188632993344118,0
grid_lattice,low,0.22314355131420976,8,multifocal,0.7,0.2656955659186663,0.08529203988144697,0
grid_lattice,low,0.22314355131420976,8,multifocal,0.8,0.30365207533561867,0.09870153927248006,0
grid_lattice,low,0.22314355131420976,8,multifocal,0.9,0.34160858475257094,0.1121134683887502,0
grid_lattice,low,0.22314355131420976,9,localized,0.0,0.0,2.4037033579794548e-17,1
grid_lattice,low,0.22314355131420976,9,localized,0.1,0.0660265158788706,0.01764453032728338,0
grid_lattice,low,0.22314355131420976,9,localized,0.2,0.1320530317577412,0.040580656491263356,0
grid_lattice,low,0.22314355131420976,9,localized,0.3,0.19807954763661179,0.06380955471281198,0
grid_lattice,low,0.22314355131420976,9,localized,0.4,0.2641060635154824,0.08709729171809372,0
grid_lattice,low,0.22314355131420976,9,localized,0.5,0.330132579394353,0.11040664172593977,0
grid_lattice,low,0.22314355131420976,9,localized,0.6,0.39615909527322357,0.13372630336013655,0
grid_lattice,low,0.22314355131420976,9,localized,0.7,0.4621856111520941,0.157051683353374,0
grid_lattice,low,0.22314355131420976,9,localized,0.8,0.5282121270309648,0.1803805704044163,0
grid_lattice,low,0.22314355131420976,9,localized,0.9,0.5942386429098354,0.20371243827822388,0
grid_lattice,low,0.22314355131420976,10,regional,0.0,0.0,2.4037033579794548e-17,1
grid_lattice,low,0.22314355131420976,10,regional,0.1,0.03931157130270516,0.0070662452491358115,1
grid_lattice,low,0.22314355131420976,10,regional,0.2,0.07862314260541033,0.020477391137795734,0
grid_lattice,low,0.22314355131420976,10,regional,0.3,0.11793471390811548,0.0341898348615357,0
grid_lattice,low,0.22314355131420976,10,regional,0.4,0.15724628521082065,0.04795427571523297,0
grid_lattice,low,0.22314355131420976,10,regional,0.5,0.1965578565135258,0.06175403569475392,0
grid_lattice,low,0.22314355131420976,10,regional,0.6,0.23586942781623096,0.07558625276054863,0
grid_lattice,low,0.22314355131420976,10,regional,0.7,0.2751809991189361,0.08943909770198974,0
grid_lattice,low,0.22314355131420976,10,regional,0.8,0.3144925704216413,0.10330427241253146,0
grid_lattice,low,0.22314355131420976,10,regional,0.9,0.3538041417243465,0.11717740016398581,0
grid_lattice,low,0.22314355131420976,11,multifocal,0.0,0.0,2.4037033579794548e-17,1
grid_lattice,low,0.22314355131420976,11,multifocal,0.1,0.03759235840078901,0.005474653170864574,1
grid_lattice,low,0.22314355131420976,11,multifocal,0.2,0.07518471680157802,0.018288106356239838,0
grid_lattice,low,0.22314355131420976,11,multifocal,0.3,0.11277707520236703,0.03145405628332738,0
grid_lattice,low,0.22314355131420976,11,multifocal,0.4,0.15036943360315605,0.044661843838717824,0
grid_lattice,low,0.22314355131420976,11,multifocal,0.5,0.18796179200394506,0.057883005661689774,0
grid_lattice,low,0.22314355131420976,11,multifocal,0.6,0.22555415040473406,0.07112227948453666,0
grid_lattice,low,0.22314355131420976,11,multifocal,0.7,0.26314650880552304,0.08437778905763776,0
grid_lattice,low,0.22314355131420976,11,multifocal,0.8,0.3007388672063121,0.09764292235470647,0
grid_lattice,low,0.22314355131420976,11,multifocal,0.9,0.3383312256071011,0.1109142264915218,0
grid_lattice,low,0.22314355131420976,12,localized,0.0,0.0,2.4037033579794548e-17,1
grid_lattice,low,0.22314355131420976,12,localized,0.1,0.06294493401967982,0.013706206555525123,0
grid_lattice,low,0.22314355131420976,12,localized,0.2,0.12588986803935964,0.0354405165984669,0
grid_lattice,low,0.22314355131420976,12,localized,0.3,0.18883480205903946,0.05757357479847118,0
grid_lattice,low,0.22314355131420976,12,localized,0.4,0.2517797360787193,0.07977417497580008,0
grid_lattice,low,0.22314355131420976,12,localized,0.5,0.3147246700983991,0.10199822376271774,0
grid_lattice,low,0.22314355131420976,12,localized,0.6,0.3776696041180789,0.12423313764094815,0
grid_lattice,low,0.22314355131420976,12,localized,0.7,0.4406145381377587,0.14647396869466453,0
grid_lattice,low,0.22314355131420976,12,localized,0.8,0.5035594721574386,0.16871837689446229,0
grid_lattice,low,0.22314355131420976,12,localized,0.9,0.5665044061771184,0.19096511220200288,0
grid_lattice,low,0.22314355131420976,13,regional,0.0,0.0,2.4037033579794548e-17,1
grid_lattice,low,0.22314355131420976,13,regional,0.1,0.03841137288068247,0.005903103907284408,1
grid_lattice,low,0.22314355131420976,13,regional,0.2,0.07682274576136494,0.018779469096302116,0
grid_lattice,low,0.22314355131420976,13,regional,0.3,0.11523411864204741,0.03221752231155153,0
grid_lattice,low,0.22314355131420976,13,regional,0.4,0.15364549152272988,0.04573929573064751,0
grid_lattice,low,0.22314355131420976,13,regional,0.5,0.19205686440341235,0.059287907667758405,0
grid_lattice,low,0.22314355131420976,13,regional,0.6,0.23046823728409482,0.07284838508127939,0
grid_lattice,low,0.22314355131420976,13,regional,0.7,0.2688796101647773,0.08641514227220135,0
grid_lattice,low,0.22314355131420976,13,regional,0.8,0.30729098304545976,0.09998562301923179,0
grid_lattice,low,0.22314355131420976,13,regional,0.9,0.34570235592614224,0.11355849241165447,0
grid_lattice,low,0.22314355131420976,14,multifocal,0.0,0.0,2.4037033579794548e-17,1
grid_lattice,low,0.22314355131420976,14,multifocal,0.1,0.03247338781018237,0.007187310059386679,1
grid_lattice,low,0.22314355131420976,14,multifocal,0.2,0.06494677562036474,0.01727662735461482,0
grid_lattice,low,0.22314355131420976,14,multifocal,0.3,0.0974201634305471,0.028345359617424324,0
grid_lattice,low,0.22314355131420976,14,multifocal,0.4,0.1298935512407295,0.03961281039305047,0
grid_lattice,low,0.22314355131420976,14,multifocal,0.5,0.16236693905091185,0.050971921162399,0
grid_lattice,low,0.22314355131420976,14,multifocal,0.6,0.1948403268610942,0.062375708218051495,0
grid_lattice,low,0.22314355131420976,14,multifocal,0.7,0.22731371467127656,0.0738034649145201,0
grid_lattice,low,0.22314355131420976,14,multifocal,0.8,0.259787102481459,0.08524555190766102,0
grid_lattice,low,0.22314355131420976,14,multifocal,0.9,0.2922604902916413,0.09669688224375324,0
grid_lattice,low,0.22314355131420976,15,localized,0.0,0.0,2.4037033579794548e-17,1
grid_lattice,low,0.22314355131420976,15,localized,0.1,0.04060253307999148,0.009188927588912307,1
grid_lattice,low,0.22314355131420976,15,localized,0.2,0.08120506615998296,0.022850342358094335,0
grid_lattice,low,0.22314355131420976,15,localized,0.3,0.12180759923997442,0.036835170789506703,0
grid_lattice,low,0.22314355131420976,15,localized,0.4,0.16241013231996593,0.05102463042238982,0
grid_lattice,low,0.22314355131420976,15,localized,0.5,0.20301266539995738,0.06528657929099026,0
grid_lattice,low,0.22314355131420976,15,localized,0.6,0.24361519847994884,0.07958205441193385,0
grid_lattice,low,0.22314355131420976,15,localized,0.7,0.2842177315599403,0.09389574408064079,0
grid_lattice,low,0.22314355131420976,15,localized,0.8,0.32482026463993185,0.10822042113953512,0
grid_lattice,low,0.22314355131420976,15,localized,0.9,0.3654227977199233,0.1225522328230189,0
grid_lattice,low,0.22314355131420976,16,regional,0.0,0.0,2.4037033579794548e-17,1
grid_lattice,low,0.22314355131420976,16,regional,0.1,0.02547232399552385,0.002672580005215129,1
grid_lattice,low,0.22314355131420976,16,regional,0.2,0.0509446479910477,0.01047253458134517,0
grid_lattice,low,0.22314355131420976,16,regional,0.3,0.07641697198657155,0.01920598943423692,0
grid_lattice,low,0.22314355131420976,16,regional,0.4,0.1018892959820954,0.02808795594627251,0
grid_lattice,low,0.22314355131420976,16,regional,0.5,0.12736161997761924,0.03702980327742378,0
grid_lattice,low,0.22314355131420976,16,regional,0.6,0.1528339439731431,0.045996621775114106,0
grid_lattice,low,0.22314355131420976,16,regional,0.7,0.17830626796866694,0.05497619413086295,0
grid_lattice,low,0.22314355131420976,16,regional,0.8,0.2037785919641908,0.06396314915589284,0
grid_lattice,low,0.22314355131420976,16,regional,0.9,0.22925091595971464,0.07295475859186222,0
grid_lattice,low,0.22314355131420976,17,multifocal,0.0,0.0,2.4037033579794548e-17,1
grid_lattice,low,0.22314355131420976,17,multifocal,0.1,0.019354423283767755,0.002933377735520974,1
grid_lattice,low,0.22314355131420976,17,multifocal,0.2,0.03870884656753551,0.007335951298040657,1
grid_lattice,low,0.22314355131420976,17,multifocal,0.3,0.058063269851303265,0.013465856031002938,0
grid_lattice,low,0.22314355131420976,17,multifocal,0.4,0.07741769313507102,0.02004385540167206,0
grid_lattice,low,0.22314355131420976,17,multifocal,0.5,0.09677211641883877,0.02675502616781362,0
grid_lattice,low,0.22314355131420976,17,multifocal,0.6,0.11612653970260653,0.03351947398572145,0
grid_lattice,low,0.22314355131420976,17,multifocal,0.7,0.13548096298637427,0.04031038665753946,0
grid_lattice,low,0.22314355131420976,17,multifocal,0.8,0.15483538627014204,0.04711632237179625,0
grid_lattice,low,0.22314355131420976,17,multifocal,0.9,0.1741898095539098,0.053931593897895626,0
grid_lattice,low,0.22314355131420976,18,localized,0.0,0.0,2.4037033579794548e-17,1
grid_lattice,low,0.22314355131420976,18,localized,0.1,0.04313318311791699,0.008551299742820375,1
grid_lattice,low,0.22314355131420976,18,localized,0.2,0.08626636623583397,0.022998402393742855,0
grid_lattice,low,0.22314355131420976,18,localized,0.3,0.12939954935375095,0.03806134479678679,0
grid_lattice,low,0.22314355131420976,18,localized,0.4,0.17253273247166795,0.053230849084776044,0
grid_lattice,low,0.22314355131420976,18,localized,0.5,0.21566591558958492,0.0684360905685257,0
grid_lattice,low,0.22314355131420976,18,localized,0.6,0.2587990987075019,0.08365758520177141,0
grid_lattice,low,0.22314355131420976,18,localized,0.7,0.30193228182541887,0.09888782787962722,0
grid_lattice,low,0.22314355131420976,18,localized,0.8,0.3450654649433359,0.11412331626438503,0
grid_lattice,low,0.22314355131420976,18,localized,0.9,0.38819864806125287,0.12936219694749257,0
grid_lattice,low,0.22314355131420976,19,regional,0.0,0.0,2.4037033579794548e-17,1
grid_lattice,low,0.22314355131420976,19,regional,0.1,0.0374215047581553,0.005745170541621463,1
grid_lattice,low,0.22314355131420976,19,regional,0.2,0.0748430095163106,0.018168132446226594,0
grid_lattice,low,0.22314355131420976,19,regional,0.3,0.11226451427446588,0.031239425679177497,0
grid_lattice,low,0.22314355131420976,19,regional,0.4,0.1496860190326212,0.04440489684319264,0
grid_lattice,low,0.22314355131420976,19,regional,0.5,0.18710752379077647,0.05760017591236562,0
grid_lattice,low,0.22314355131420976,19,regional,0.6,0.22452902854893175,0.07080860061607988,0
grid_lattice,low,0.22314355131420976,19,regional,0.7,0.26195053330708706,0.08402397176919639,0
grid_lattice,low,0.22314355131420976,19,regional,0.8,0.2993720380652424,0.09724345734868274,0
grid_lattice,low,0.22314355131420976,19,regional,0.9,0.33679354282339763,0.1104655802364275,0
grid_lattice,frozen,0.6931471805599453,0,localized,0.0,0.0,2.4037033579794548e-17,1
grid_lattice,frozen,0.6931471805599453,0,localized,0.1,0.041872409631777525,0.0026409684196668335,1
grid_lattice,frozen,0.6931471805599453,0,localized,0.2,0.08374481926355505,0.011196173422218288,0
grid_lattice,frozen,0.6931471805599453,0,localized,0.3,0.12561722889533256,0.022957903948297807,0
grid_lattice,frozen,0.6931471805599453,0,localized,0.4,0.1674896385271101,0.0364191714029345,0
grid_lattice,frozen,0.6931471805599453,0,localized,0.5,0.20936204815888762,0.050308747975112984,0
grid_lattice,frozen,0.6931471805599453,0,localized,0.6,0.2512344577906651,0.06450687265101317,0
grid_lattice,frozen,0.6931471805599453,0,localized,0.7,0.29310686742244263,0.07885372600903812,0
grid_lattice,frozen,0.6931471805599453,0,localized,0.8,0.3349792770542202,0.09328070851846439,0
grid_lattice,frozen,0.6931471805599453,0,localized,0.9,0.3768516866859977,0.1077618371195375,0
grid_lattice,frozen,0.6931471805599453,1,regional,0.0,0.0,2.4037033579794548e-17,1
grid_lattice,frozen,0.6931471805599453,1,regional,0.1,0.037708544536034276,0.001649850361328906,1
grid_lattice,frozen,0.6931471805599453,1,regional,0.2,0.07541708907206855,0.007021160807629698,1
grid_lattice,frozen,0.6931471805599453,1,regional,0.3,0.11312563360810281,0.016642526150772326,0
grid_lattice,frozen,0.6931471805599453,1,regional,0.4,0.1508341781441371,0.028487681584925224,0
grid_lattice,frozen,0.6931471805599453,1,regional,0.5,0.18854272268017136,0.0411369244922093,0
grid_lattice,frozen,0.6931471805599453,1,regional,0.6,0.22625126721620561,0.054105384559541655,0
grid_lattice,frozen,0.6931471805599453,1,regional,0.7,0.26395981175223987,0.06721617601524085,0
grid_lattice,frozen,0.6931471805599453,1,regional,0.8,0.3016683562882742,0.0803997486354548,0
grid_lattice,frozen,0.6931471805599453,1,regional,0.9,0.33937690082430844,0.09362536208706114,0
grid_lattice,frozen,0.6931471805599453,2,multifocal,0.0,0.0,2.4037033579794548e-17,1
grid_lattice,frozen,0.6931471805599453,2,multifocal,0.1,0.030236564897479307,0.004774332655998473,1
grid_lattice,frozen,0.6931471805599453,2,multifocal,0.2,0.06047312979495861,0.009858482176296238,1
grid_lattice,frozen,0.6931471805599453,2,multifocal,0.3,0.09070969469243792,0.018354149825780895,0
grid_lattice,frozen,0.6931471805599453,2,multifocal,0.4,0.12094625958991723,0.02837466406590662,0
grid_lattice,frozen,0.6931471805599453,2,multifocal,0.5,0.15118282448739653,0.038754740431305584,0
grid_lattice,frozen,0.6931471805599453,2,multifocal,0.6,0.18141938938487584,0.04926763492356488,0
grid_lattice,frozen,0.6931471805599453,2,multifocal,0.7,0.21165595428235515,0.05984339057944867,0
grid_lattice,frozen,0.6931471805599453,2,multifocal,0.8,0.24189251917983445,0.07045370494974838,0
grid_lattice,frozen,0.6931471805599453,2,multifocal,0.9,0.2721290840773138,0.08108501271053077,0
grid_lattice,frozen,0.6931471805599453,3,localized,0.0,0.0,2.4037033579794548e-17,1
grid_lattice,frozen,0.6931471805599453,3,localized,0.1,0.045796884163396584,0.005210450588285139,1
grid_lattice,frozen,0.6931471805599453,3,localized,0.2,0.09159376832679317,0.015568190880418649,0
grid_lattice,frozen,0.6931471805599453,3,localized,0.3,0.13739065249018972,0.02932135075734319,0
grid_lattice,frozen,0.6931471805599453,3,localized,0.4,0.18318753665358634,0.044698669760465375,0
grid_lattice,frozen,0.6931471805599453,3,localized,0.5,0.2289844208169829,0.06049902463064368,0
grid_lattice,frozen,0.6931471805599453,3,localized,0.6,0.27478130498037945,0.07646060632082001,0
grid_lattice,frozen,0.6931471805599453,3,localized,0.7,0.320578189143776,0.0924999896833492,0
grid_lattice,frozen,0.6931471805599453,3,localized,0.8,0.36637507330717267,0.10858270257585276,0
grid_lattice,frozen,0.6931471805599453,3,localized,0.9,0.41217195747056923,0.12469198025822108,0
grid_lattice,frozen,0.6931471805599453,4,regional,0.0,0.0,2.4037033579794548e-17,1
grid_lattice,frozen,0.6931471805599453,4,regional,0.1,0.02272447505344724,0.001232429113664927,1
grid_lattice,frozen,0.6931471805599453,4,regional,0.2,0.04544895010689448,0.0026465925516553084,1
grid_lattice,frozen,0.6931471805599453,4,regional,0.3,0.06817342516034171,0.005928657706324631,1
grid_lattice,frozen,0.6931471805599453,4,regional,0.4,0.09089790021378896,0.01095762719792766,0
grid_lattice,frozen,0.6931471805599453,4,regional,0.5,0.11362237526723619,0.01796736592099643,0
grid_lattice,frozen,0.6931471805599453,4,regional,0.6,0.13634685032068342,0.02545697734850687,0
grid_lattice,frozen,0.6931471805599453,4,regional,0.7,0.15907132537413066,0.03315701605708165,0
grid_lattice,frozen,0.6931471805599453,4,regional,0.8,0.18179580042757792,0.0409855849477647,0
grid_lattice,frozen,0.6931471805599453,4,regional,0.9,0.20452027548102514,0.0488809684317423,0
grid_lattice,frozen,0.6931471805599453,5,multifocal,0.0,0.0,2.4037033579794548e-17,1
grid_lattice,frozen,0.6931471805599453,5,multifocal,0.1,0.036681245730751794,0.003569099070568869,1
grid_lattice,frozen,0.6931471805599453,5,multifocal,0.2,0.07336249146150359,0.007140162964169972,1
grid_lattice,frozen,0.6931471805599453,5,multifocal,0.3,0.11004373719225538,0.015023155260078183,0
grid_lattice,frozen,0.6931471805599453,5,multifocal,0.4,0.14672498292300717,0.02595336435036586,0
grid_lattice,frozen,0.6931471805599453,5,multifocal,0.5,0.18340622865375897,0.037605476127967524,0
grid_lattice,frozen,0.6931471805599453,5,multifocal,0.6,0.22008747438451076,0.04965568215992348,0
grid_lattice,frozen,0.6931471805599453,5,multifocal,0.7,0.2567687201152625,0.06207382783507487,0
grid_lattice,frozen,0.6931471805599453,5,multifocal,0.8,0.29344996584601435,0.07467939394852934,0
grid_lattice,frozen,0.6931471805599453,5,multifocal,0.9,0.33013121157676617,0.08739131596463527,0
grid_lattice,frozen,0.6931471805599453,6,localized,0.0,0.0,2.4037033579794548e-17,1
grid_lattice,frozen,0.6931471805599453,6,localized,0.1,0.05669211783719191,0.011895576493049807,0
grid_lattice,frozen,0.6931471805599453,6,localized,0.2,0.11338423567438383,0.025808360548126987,0
grid_lattice,frozen,0.6931471805599453,6,localized,0.3,0.17007635351157574,0.04258875111415144,0
grid_lattice,frozen,0.6931471805599453,6,localized,0.4,0.22676847134876765,0.061212612052983464,0
grid_lattice,frozen,0.6931471805599453,6,localized,0.5,0.28346058918595957,0.08051169313506583,0
grid_lattice,frozen,0.6931471805599453,6,localized,0.6,0.3401527070231515,0.10009735041506239,0
grid_lattice,frozen,0.6931471805599453,6,localized,0.7,0.3968448248603434,0.11983392626449757,0
grid_lattice,frozen,0.6931471805599453,6,localized,0.8,0.4535369426975353,0.1396580082345112,0
grid_lattice,frozen,0.6931471805599453,6,localized,0.9,0.5102290605347273,0.15953697909987224,0
grid_lattice,frozen,0.6931471805599453,7,regional,0.0,0.0,2.4037033579794548e-17,1
grid_lattice,frozen,0.6931471805599453,7,regional,0.1,0.04536612037141965,0.00823623541709871,1
grid_lattice,frozen,0.6931471805599453,7,regional,0.2,0.0907322407428393,0.01691786953303571,0
grid_lattice,frozen,0.6931471805599453,7,regional,0.3,0.13609836111425894,0.028572025958213062,0
grid_lattice,frozen,0.6931471805599453,7,regional,0.4,0.1814644814856786,0.04288285557993279,0
grid_lattice,frozen,0.6931471805599453,7,regional,0.5,0.22683060185709822,0.05808978446482384,0
grid_lattice,frozen,0.6931471805599453,7,regional,0.6,0.2721967222285179,0.07364237538060239,0
grid_lattice,frozen,0.6931471805599453,7,regional,0.7,0.3175628425999375,0.08936677605191148,0
grid_lattice,frozen,0.6931471805599453,7,regional,0.8,0.3629289629713572,0.10518632559185621,0
grid_lattice,frozen,0.6931471805599453,7,regional,0.9,0.4082950833427768,0.12106373007845081,0
grid_lattice,frozen,0.6931471805599453,8,multifocal,0.0,0.0,2.4037033579794548e-17,1
grid_lattice,frozen,0.6931471805599453,8,multifocal,0.1,0.03795650941695233,0.004046083599120283,1
grid_lattice,frozen,0.6931471805599453,8,multifocal,0.2,0.07591301883390467,0.008312594182281545,1
grid_lattice,frozen,0.6931471805599453,8,multifocal,0.3,0.11386952825085697,0.016200896676638585,0
grid_lattice,frozen,0.6931471805599453,8,multifocal,0.4,0.15182603766780933,0.028132277286713872,0
grid_lattice,frozen,0.6931471805599453,8,multifocal,0.5,0.18978254708476164,0.040973040601967214,0
grid_lattice,frozen,0.6931471805599453,8,multifocal,0.6,0.22773905650171394,0.0540861673346853,0
grid_lattice,frozen,0.6931471805599453,8,multifocal,0.7,0.2656955659186663,0.06732017264349238,0
grid_lattice,frozen,0.6931471805599453,8,multifocal,0.8,0.30365207533561867,0.08061558127510747,0
grid_lattice,frozen,0.6931471805599453,8,multifocal,0.9,0.34160858475257094,0.09394632720695946,0
grid_lattice,frozen,0.6931471805599453,9,localized,0.0,0.0,2.4037033579794548e-17,1
grid_lattice,frozen,0.6931471805599453,9,localized,0.1,0.0660265158788706,0.011546921607575434,0
grid_lattice,frozen,0.6931471805599453,9,localized,0.2,0.1320530317577412,0.030230327580589425,0
grid_lattice,frozen,0.6931471805599453,9,localized,0.3,0.19807954763661179,0.051743874098274495,0
grid_lattice,frozen,0.6931471805599453,9,localized,0.4,0.2641060635154824,0.07421777333044056,0
grid_lattice,frozen,0.6931471805599453,9,localized,0.5,0.330132579394353,0.09701193507006102,0
grid_lattice,frozen,0.6931471805599453,9,localized,0.6,0.39615909527322357,0.120012128634864,0
grid_lattice,frozen,0.6931471805599453,9,localized,0.7,0.4621856111520941,0.14312365874543678,0
grid_lattice,frozen,0.6931471805599453,9,localized,0.8,0.5282121270309648,0.16630011294543678,0
grid_lattice,frozen,0.6931471805599453,9,localized,0.9,0.5942386429098354,0.1895176736835526,0
grid_lattice,frozen,0.6931471805599453,10,regional,0.0,0.0,2.4037033579794548e-17,1
grid_lattice,frozen,0.6931471805599453,10,regional,0.1,0.03931157130270516,0.0017707482759809808,1
grid_lattice,frozen,0.6931471805599453,10,regional,0.2,0.07862314260541033,0.009559175804933102,1
grid_lattice,frozen,0.6931471805599453,10,regional,0.3,0.11793471390811548,0.02068923510238527,0
grid_lattice,frozen,0.6931471805599453,10,regional,0.4,0.15724628521082065,0.03361923875696576,0
grid_lattice,frozen,0.6931471805599453,10,regional,0.5,0.1965578565135258,0.046882876815505986,0
grid_lattice,frozen,0.6931471805599453,10,regional,0.6,0.23586942781623096,0.060262569549830586,0
grid_lattice,frozen,0.6931471805599453,10,regional,0.7,0.2751809991189361,0.07376456081709042,0
grid_lattice,frozen,0.6931471805599453,10,regional,0.8,0.3144925704216413,0.0873616400417075,0
grid_lattice,frozen,0.6931471805599453,10,regional,0.9,0.3538041417243465,0.10101541686031935,0
grid_lattice,frozen,0.6931471805599453,11,multifocal,0.0,0.0,2.4037033579794548e-17,1
grid_lattice,frozen,0.6931471805599453,11,multifocal,0.1,0.03759235840078901,0.0011868389425688896,1
grid_lattice,frozen,0.6931471805599453,11,multifocal,0.2,0.07518471680157802,0.006405390267852886,1
grid_lattice,frozen,0.6931471805599453,11,multifocal,0.3,0.11277707520236703,0.016306555272865123,0
grid_lattice,frozen,0.6931471805599453,11,multifocal,0.4,0.15036943360315605,0.02829177586507644,0
grid_lattice,frozen,0.6931471805599453,11,multifocal,0.5,0.18796179200394506,0.040780226397836544,0
grid_lattice,frozen,0.6931471805599453,11,multifocal,0.6,0.22555415040473406,0.05346011338036099,0
grid_lattice,frozen,0.6931471805599453,11,multifocal,0.7,0.26314650880552304,0.0662215610986819,0
grid_lattice,frozen,0.6931471805599453,11,multifocal,0.8,0.3007388672063121,0.07907602862628087,0
grid_lattice,frozen,0.6931471805599453,11,multifocal,0.9,0.3383312256071011,0.09205367948191334,0
grid_lattice,frozen,0.6931471805599453,12,localized,0.0,0.0,2.4037033579794548e-17,1
grid_lattice,frozen,0.6931471805599453,12,localized,0.1,0.06294493401967982,0.006657371940958565,1
grid_lattice,frozen,0.6931471805599453,12,localized,0.2,0.12588986803935964,0.018825771162012995,0
grid_lattice,frozen,0.6931471805599453,12,localized,0.3,0.18883480205903946,0.03761651130357773,0
grid_lattice,frozen,0.6931471805599453,12,localized,0.4,0.2517797360787193,0.05887362340089804,0
grid_lattice,frozen,0.6931471805599453,12,localized,0.5,0.3147246700983991,0.08067044887525299,0
grid_lattice,frozen,0.6931471805599453,12,localized,0.6,0.3776696041180789,0.10266379737183065,0
grid_lattice,frozen,0.6931471805599453,12,localized,0.7,0.4406145381377587,0.12474977130062909,0
grid_lattice,frozen,0.6931471805599453,12,localized,0.8,0.5035594721574386,0.1468865949227488,0
grid_lattice,frozen,0.6931471805599453,12,localized,0.9,0.5665044061771184,0.16905429387071355,0
grid_lattice,frozen,0.6931471805599453,13,regional,0.0,0.0,2.4037033579794548e-17,1
grid_lattice,frozen,0.6931471805599453,13,regional,0.1,0.03841137288068247,0.0041588584147752026,1
grid_lattice,frozen,0.6931471805599453,13,regional,0.2,0.07682274576136494,0.00854862250169538,1
grid_lattice,frozen,0.6931471805599453,13,regional,0.3,0.11523411864204741,0.016596294151103252,0
grid_lattice,frozen,0.6931471805599453,13,regional,0.4,0.15364549152272988,0.02874232085188511,0
grid_lattice,frozen,0.6931471805599453,13,regional,0.5,0.19205686440341235,0.04176022990844433,0
grid_lattice,frozen,0.6931471805599453,13,regional,0.6,0.23046823728409482,0.0550411064831257,0
grid_lattice,frozen,0.6931471805599453,13,regional,0.7,0.2688796101647773,0.06843959897503205,0
grid_lattice,frozen,0.6931471805599453,13,regional,0.8,0.30729098304545976,0.08189806105448612,0
grid_lattice,frozen,0.6931471805599453,13,regional,0.9,0.34570235592614224,0.09539111327975042,0
grid_lattice,frozen,0.6931471805599453,14,multifocal,0.0,0.0,2.4037033579794548e-17,1
grid_lattice,frozen,0.6931471805599453,14,multifocal,0.1,0.03247338781018237,0.0057725168792217745,1
grid_lattice,frozen,0.6931471805599453,14,multifocal,0.2,0.06494677562036474,0.013347132025790421,0
grid_lattice,frozen,0.6931471805599453,14,multifocal,0.3,0.0974201634305471,0.022180826206423667,0
grid_lattice,frozen,0.6931471805599453,14,multifocal,0.4,0.1298935512407295,0.03184900713521521,0
grid_lattice,frozen,0.6931471805599453,14,multifocal,0.5,0.16236693905091185,0.042262548899598705,0
grid_lattice,frozen,0.6931471805599453,14,multifocal,0.6,0.1948403268610942,0.05308980765501899,0
grid_lattice,frozen,0.6931471805599453,14,multifocal,0.7,0.22731371467127656,0.06412154994669741,0
grid_lattice,frozen,0.6931471805599453,14,multifocal,0.8,0.259787102481459,0.07526791820988986,0
grid_lattice,frozen,0.6931471805599453,14,multifocal,0.9,0.2922604902916413,0.08648476055142774,0
grid_lattice,frozen,0.6931471805599453,15,localized,0.0,0.0,2.4037033579794548e-17,1
grid_lattice,frozen,0.6931471805599453,15,localized,0.1,0.04060253307999148,0.0036121763234212147,1
grid_lattice,frozen,0.6931471805599453,15,localized,0.2,0.08120506615998296,0.013758758567411369,0
grid_lattice,frozen,0.6931471805599453,15,localized,0.3,0.12180759923997442,0.027172766096840825,0
grid_lattice,frozen,0.6931471805599453,15,localized,0.4,0.16241013231996593,0.041033985934317514,0
grid_lattice,frozen,0.6931471805599453,15,localized,0.5,0.20301266539995738,0.05500536146803099,0
grid_lattice,frozen,0.6931471805599453,15,localized,0.6,0.24361519847994884,0.06902909274620678,0
grid_lattice,frozen,0.6931471805599453,15,localized,0.7,0.2842177315599403,0.08311757060319365,0
grid_lattice,frozen,0.6931471805599453,15,localized,0.8,0.32482026463993185,0.0972473920173915,0
grid_lattice,frozen,0.6931471805599453,15,localized,0.9,0.3654227977199233,0.11141209301729689,0
grid_lattice,frozen,0.6931471805599453,16,regional,0.0,0.0,2.4037033579794548e-17,1
grid_lattice,frozen,0.6931471805599453,16,regional,0.1,0.02547232399552385,0.0022754170847791326,1
grid_lattice,frozen,0.6931471805599453,16,regional,0.2,0.0509446479910477,0.004573676754247259,1
grid_lattice,frozen,0.6931471805599453,16,regional,0.3,0.07641697198657155,0.008103845942444992,1
grid_lattice,frozen,0.6931471805599453,16,regional,0.4,0.1018892959820954,0.015369179349917326,0
grid_lattice,frozen,0.6931471805599453,16,regional,0.5,0.12736161997761924,0.023808692463738266,0
grid_lattice,frozen,0.6931471805599453,16,regional,0.6,0.1528339439731431,0.03252074427019942,0
grid_lattice,frozen,0.6931471805599453,16,regional,0.7,0.17830626796866694,0.04133335925199461,0
grid_lattice,frozen,0.6931471805599453,16,regional,0.8,0.2037785919641908,0.05019359694555758,0
grid_lattice,frozen,0.6931471805599453,16,regional,0.9,0.22925091595971464,0.05908003528878115,0
grid_lattice,frozen,0.6931471805599453,17,multifocal,0.0,0.0,2.4037033579794548e-17,1
grid_lattice,frozen,0.6931471805599453,17,multifocal,0.1,0.019354423283767755,0.002757648744315786,1
grid_lattice,frozen,0.6931471805599453,17,multifocal,0.2,0.03870884656753551,0.005515297488631577,1
grid_lattice,frozen,0.6931471805599453,17,multifocal,0.3,0.058063269851303265,0.008825462173818641,1
grid_lattice,frozen,0.6931471805599453,17,multifocal,0.4,0.07741769313507102,0.012648519493025086,0
grid_lattice,frozen,0.6931471805599453,17,multifocal,0.5,0.09677211641883877,0.01719372495421313,0
grid_lattice,frozen,0.6931471805599453,17,multifocal,0.6,0.11612653970260653,0.022799635704352453,0
grid_lattice,frozen,0.6931471805599453,17,multifocal,0.7,0.13548096298637427,0.028868339793801056,0
grid_lattice,frozen,0.6931471805599453,17,multifocal,0.8,0.15483538627014204,0.03518057895702891,0
grid_lattice,frozen,0.6931471805599453,17,multifocal,0.9,0.1741898095539098,0.04163549914933938,0
grid_lattice,frozen,0.6931471805599453,18,localized,0.0,0.0,2.4037033579794548e-17,1
grid_lattice,frozen,0.6931471805599453,18,localized,0.1,0.04313318311791699,0.004417576551703797,1
grid_lattice,frozen,0.6931471805599453,18,localized,0.2,0.08626636623583397,0.013591820537549662,0
grid_lattice,frozen,0.6931471805599453,18,localized,0.3,0.12939954935375095,0.02624179510109224,0
grid_lattice,frozen,0.6931471805599453,18,localized,0.4,0.17253273247166795,0.040572591975135644,0
grid_lattice,frozen,0.6931471805599453,18,localized,0.5,0.21566591558958492,0.055368921422980985,0
grid_lattice,frozen,0.6931471805599453,18,localized,0.6,0.2587990987075019,0.07033763754202227,0
grid_lattice,frozen,0.6931471805599453,18,localized,0.7,0.30193228182541887,0.08538812918624468,0
grid_lattice,frozen,0.6931471805599453,18,localized,0.8,0.3450654649433359,0.10048367187548035,0
grid_lattice,frozen,0.6931471805599453,18,localized,0.9,0.38819864806125287,0.11561372027659907,0
grid_lattice,frozen,0.6931471805599453,19,regional,0.0,0.0,2.4037033579794548e-17,1
grid_lattice,frozen,0.6931471805599453,19,regional,0.1,0.0374215047581553,0.0043728713012304715,1
grid_lattice,frozen,0.6931471805599453,19,regional,0.2,0.0748430095163106,0.008795560098390037,1
grid_lattice,frozen,0.6931471805599453,19,regional,0.3,0.11226451427446588,0.016231640077234225,0
grid_lattice,frozen,0.6931471805599453,19,regional,0.4,0.1496860190326212,0.027791397802291177,0
grid_lattice,frozen,0.6931471805599453,19,regional,0.5,0.18710752379077647,0.04036676791958462,0
grid_lattice,frozen,0.6931471805599453,19,regional,0.6,0.22452902854893175,0.05325302195170137,0
grid_lattice,frozen,0.6931471805599453,19,regional,0.7,0.26195053330708706,0.06627507070003268,0
grid_lattice,frozen,0.6931471805599453,19,regional,0.8,0.2993720380652424,0.07936610044717726,0
grid_lattice,frozen,0.6931471805599453,19,regional,0.9,0.33679354282339763,0.09249682728980325,0
grid_lattice,high,1.3862943611198906,0,localized,0.0,0.0,2.4037033579794548e-17,1
grid_lattice,high,1.3862943611198906,0,localized,0.1,0.041872409631777525,0.0012847816343817605,1
grid_lattice,high,1.3862943611198906,0,localized,0.2,0.08374481926355505,0.006086177352511821,1
grid_lattice,high,1.3862943611198906,0,localized,0.3,0.12561722889533256,0.014068016225231314,0
grid_lattice,high,1.3862943611198906,0,localized,0.4,0.1674896385271101,0.022936277106517442,0
grid_lattice,high,1.3862943611198906,0,localized,0.5,0.20936204815888762,0.03447863378220535,0
grid_lattice,high,1.3862943611198906,0,localized,0.6,0.2512344577906651,0.0469880783346152,0
grid_lattice,high,1.3862943611198906,0,localized,0.7,0.29310686742244263,0.06021783462434306,0
grid_lattice,high,1.3862943611198906,0,localized,0.8,0.3349792770542202,0.07396739650653235,0
grid_lattice,high,1.3862943611198906,0,localized,0.9,0.3768516866859977,0.08799343113499702,0
grid_lattice,high,1.3862943611198906,1,regional,0.0,0.0,2.4037033579794548e-17,1
grid_lattice,high,1.3862943611198906,1,regional,0.1,0.037708544536034276,0.0016498503613288989,1
grid_lattice,high,1.3862943611198906,1,regional,0.2,0.07541708907206855,0.003398472008016649,1
grid_lattice,high,1.3862943611198906,1,regional,0.3,0.11312563360810281,0.008153963842419726,1
grid_lattice,high,1.3862943611198906,1,regional,0.4,0.1508341781441371,0.014233818561811431,0
grid_lattice,high,1.3862943611198906,1,regional,0.5,0.18854272268017136,0.023613128485520312,0
grid_lattice,high,1.3862943611198906,1,regional,0.6,0.22625126721620561,0.034414321815462647,0
grid_lattice,high,1.3862943611198906,1,regional,0.7,0.26395981175223987,0.046421326827094975,0
grid_lattice,high,1.3862943611198906,1,regional,0.8,0.3016683562882742,0.05900014580926245,0
grid_lattice,high,1.3862943611198906,1,regional,0.9,0.33937690082430844,0.071851084956297,0
grid_lattice,high,1.3862943611198906,2,multifocal,0.0,0.0,2.4037033579794548e-17,1
grid_lattice,high,1.3862943611198906,2,multifocal,0.1,0.030236564897479307,0.004774332655998472,1
grid_lattice,high,1.3862943611198906,2,multifocal,0.2,0.06047312979495861,0.009548665311996957,1
grid_lattice,high,1.3862943611198906,2,multifocal,0.3,0.09070969469243792,0.01442655347826647,0
grid_lattice,high,1.3862943611198906,2,multifocal,0.4,0.12094625958991723,0.020715692764265034,0
grid_lattice,high,1.3862943611198906,2,multifocal,0.5,0.15118282448739653,0.029110772941429115,0
grid_lattice,high,1.3862943611198906,2,multifocal,0.6,0.18141938938487584,0.03864920084745685,0
grid_lattice,high,1.3862943611198906,2,multifocal,0.7,0.21165595428235515,0.04866323870646381,0
grid_lattice,high,1.3862943611198906,2,multifocal,0.8,0.24189251917983445,0.058910842185569655,0
grid_lattice,high,1.3862943611198906,2,multifocal,0.9,0.2721290840773138,0.06928845721315717,0
grid_lattice,high,1.3862943611198906,3,localized,0.0,0.0,2.4037033579794548e-17,1
grid_lattice,high,1.3862943611198906,3,localized,0.1,0.045796884163396584,0.003720377905159344,1
grid_lattice,high,1.3862943611198906,3,localized,0.2,0.09159376832679317,0.01133701029092102,0
grid_lattice,high,1.3862943611198906,3,localized,0.3,0.13739065249018972,0.021251179573817537,0
grid_lattice,high,1.3862943611198906,3,localized,0.4,0.18318753665358634,0.0331390999354404,0
grid_lattice,high,1.3862943611198906,3,localized,0.5,0.2289844208169829,0.04722198731165359,0
grid_lattice,high,1.3862943611198906,3,localized,0.6,0.27478130498037945,0.06215648289461318,0
grid_lattice,high,1.3862943611198906,3,localized,0.7,0.320578189143776,0.07753918756040512,0
grid_lattice,high,1.3862943611198906,3,localized,0.8,0.36637507330717267,0.09314831083149072,0
grid_lattice,high,1.3862943611198906,3,localized,0.9,0.41217195747056923,0.10888652338799927,0
grid_lattice,high,1.3862943611198906,4,regional,0.0,0.0,2.4037033579794548e-17,1
grid_lattice,high,1.3862943611198906,4,regional,0.1,0.02272447505344724,0.001232429113664926,1
grid_lattice,high,1.3862943611198906,4,regional,0.2,0.04544895010689448,0.002464858227329873,1
grid_lattice,high,1.3862943611198906,4,regional,0.3,0.06817342516034171,0.003699090855210723,1
grid_lattice,high,1.3862943611198906,4,regional,0.4,0.09089790021378896,0.006140171746351827,1
grid_lattice,high,1.3862943611198906,4,regional,0.5,0.11362237526723619,0.009481174662531284,1
grid_lattice,high,1.3862943611198906,4,regional,0.6,0.13634685032068342,0.014141510894726497,0
grid_lattice,high,1.3862943611198906,4,regional,0.7,0.15907132537413066,0.020751833051885767,0
grid_lattice,high,1.3862943611198906,4,regional,0.8,0.18179580042757792,0.028003936774181067,0
grid_lattice,high,1.3862943611198906,4,regional,0.9,0.20452027548102514,0.0355136608126202,0
grid_lattice,high,1.3862943611198906,5,multifocal,0.0,0.0,2.4037033579794548e-17,1
grid_lattice,high,1.3862943611198906,5,multifocal,0.1,0.036681245730751794,0.0035690990705688715,1
grid_lattice,high,1.3862943611198906,5,multifocal,0.2,0.07336249146150359,0.007138198141137748,1
grid_lattice,high,1.3862943611198906,5,multifocal,0.3,0.11004373719225538,0.010707297211706622,0
grid_lattice,high,1.3862943611198906,5,multifocal,0.4,0.14672498292300717,0.014855710645392818,0
grid_lattice,high,1.3862943611198906,5,multifocal,0.5,0.18340622865375897,0.02302045957690436,0
grid_lattice,high,1.3862943611198906,5,multifocal,0.6,0.22008747438451076,0.03292790846930041,0
grid_lattice,high,1.3862943611198906,5,multifocal,0.7,0.2567687201152625,0.04340056370454019,0
grid_lattice,high,1.3862943611198906,5,multifocal,0.8,0.29344996584601435,0.05412410620248722,0
grid_lattice,high,1.3862943611198906,5,multifocal,0.9,0.33013121157676617,0.06519200916100305,0
grid_lattice,high,1.3862943611198906,6,localized,0.0,0.0,2.4037033579794548e-17,1
grid_lattice,high,1.3862943611198906,6,localized,0.1,0.05669211783719191,0.011895576493049802,0
grid_lattice,high,1.3862943611198906,6,localized,0.2,0.11338423567438383,0.02379115298609961,0
grid_lattice,high,1.3862943611198906,6,localized,0.3,0.17007635351157574,0.03691566220363407,0
grid_lattice,high,1.3862943611198906,6,localized,0.4,0.22676847134876765,0.05294203324242502,0
grid_lattice,high,1.3862943611198906,6,localized,0.5,0.28346058918595957,0.07014610807125615,0
grid_lattice,high,1.3862943611198906,6,localized,0.6,0.3401527070231515,0.08806030932719336,0
grid_lattice,high,1.3862943611198906,6,localized,0.7,0.3968448248603434,0.10671697169468523,0
grid_lattice,high,1.3862943611198906,6,localized,0.8,0.4535369426975353,0.12580037099755065,0
grid_lattice,high,1.3862943611198906,6,localized,0.9,0.5102290605347273,0.1451428733861054,0
grid_lattice,high,1.3862943611198906,7,regional,0.0,0.0,2.4037033579794548e-17,1
grid_lattice,high,1.3862943611198906,7,regional,0.1,0.04536612037141965,0.008236235417098706,1
grid_lattice,high,1.3862943611198906,7,regional,0.2,0.0907322407428393,0.016472470834197426,0
grid_lattice,high,1.3862943611198906,7,regional,0.3,0.13609836111425894,0.02473070854782432,0
grid_lattice,high,1.3862943611198906,7,regional,0.4,0.1814644814856786,0.03471638196811888,0
grid_lattice,high,1.3862943611198906,7,regional,0.5,0.22683060185709822,0.04666290942861686,0
grid_lattice,high,1.3862943611198906,7,regional,0.6,0.2721967222285179,0.059937641960529836,0
grid_lattice,high,1.3862943611198906,7,regional,0.7,0.3175628425999375,0.07430462516865788,0
grid_lattice,high,1.3862943611198906,7,regional,0.8,0.3629289629713572,0.08924290781011295,0
grid_lattice,high,1.3862943611198906,7,regional,0.9,0.4082950833427768,0.10450807187362335,0
grid_lattice,high,1.3862943611198906,8,multifocal,0.0,0.0,2.4037033579794548e-17,1
grid_lattice,high,1.3862943611198906,8,multifocal,0.1,0.03795650941695233,0.00404608359912028,1
grid_lattice,high,1.3862943611198906,8,multifocal,0.2,0.07591301883390467,0.008092167198240581,1
grid_lattice,high,1.3862943611198906,8,multifocal,0.3,0.11386952825085697,0.012138250797360863,0
grid_lattice,high,1.3862943611198906,8,multifocal,0.4,0.15182603766780933,0.01652368124943115,0
grid_lattice,high,1.3862943611198906,8,multifocal,0.5,0.18978254708476164,0.02371594915160165,0
grid_lattice,high,1.3862943611198906,8,multifocal,0.6,0.22773905650171394,0.034510848622854445,0
grid_lattice,high,1.3862943611198906,8,multifocal,0.7,0.2656955659186663,0.04668102994860629,0
grid_lattice,high,1.3862943611198906,8,multifocal,0.8,0.30365207533561867,0.05939202466018126,0
grid_lattice,high,1.3862943611198906,8,multifocal,0.9,0.34160858475257094,0.07235938626873693,0
grid_lattice,high,1.3862943611198906,9,localized,0.0,0.0,2.4037033579794548e-17,1
grid_lattice,high,1.3862943611198906,9,localized,0.1,0.0660265158788706,0.008025832104182132,1
grid_lattice,high,1.3862943611198906,9,localized,0.2,0.1320530317577412,0.023651476356232843,0
grid_lattice,high,1.3862943611198906,9,localized,0.3,0.19807954763661179,0.04090893740934027,0
grid_lattice,high,1.3862943611198906,9,localized,0.4,0.2641060635154824,0.06026960558412988,0
grid_lattice,high,1.3862943611198906,9,localized,0.5,0.330132579394353,0.08119449482312276,0
grid_lattice,high,1.3862943611198906,9,localized,0.6,0.39615909527322357,0.10302325585834879,0
grid_lattice,high,1.3862943611198906,9,localized,0.7,0.4621856111520941,0.12539900998613654,0
grid_lattice,high,1.3862943611198906,9,localized,0.8,0.5282121270309648,0.14807399286548345,0
grid_lattice,high,1.3862943611198906,9,localized,0.9,0.5942386429098354,0.17092916141058848,0
grid_lattice,high,1.3862943611198906,10,regional,0.0,0.0,2.4037033579794548e-17,1
grid_lattice,high,1.3862943611198906,10,regional,0.1,0.03931157130270516,0.0008157376009922335,1
grid_lattice,high,1.3862943611198906,10,regional,0.2,0.07862314260541033,0.004474519714988172,1
grid_lattice,high,1.3862943611198906,10,regional,0.3,0.11793471390811548,0.011761144157468597,0
grid_lattice,high,1.3862943611198906,10,regional,0.4,0.15724628521082065,0.020039008970761243,0
grid_lattice,high,1.3862943611198906,10,regional,0.5,0.1965578565135258,0.03125915786435705,0
grid_lattice,high,1.3862943611198906,10,regional,0.6,0.23586942781623096,0.04343048103064583,0
grid_lattice,high,1.3862943611198906,10,regional,0.7,0.2751809991189361,0.05593547243944333,0
grid_lattice,high,1.3862943611198906,10,regional,0.8,0.3144925704216413,0.06871413335828795,0
grid_lattice,high,1.3862943611198906,10,regional,0.9,0.3538041417243465,0.08182358753448946,0
grid_lattice,high,1.3862943611198906,11,multifocal,0.0,0.0,2.4037033579794548e-17,1
grid_lattice,high,1.3862943611198906,11,multifocal,0.1,0.03759235840078901,0.0011868389425688873,1
grid_lattice,high,1.3862943611198906,11,multifocal,0.2,0.07518471680157802,0.0025087425512815443,1
grid_lattice,high,1.3862943611198906,11,multifocal,0.3,0.11277707520236703,0.007386822831114108,1
grid_lattice,high,1.3862943611198906,11,multifocal,0.4,0.15036943360315605,0.014174144427780238,0
grid_lattice,high,1.3862943611198906,11,multifocal,0.5,0.18796179200394506,0.024702565486645057,0
grid_lattice,high,1.3862943611198906,11,multifocal,0.6,0.22555415040473406,0.03614673217483099,0
grid_lattice,high,1.3862943611198906,11,multifocal,0.7,0.26314650880552304,0.04785409999310921,0
grid_lattice,high,1.3862943611198906,11,multifocal,0.8,0.3007388672063121,0.05966994770666881,0
grid_lattice,high,1.3862943611198906,11,multifocal,0.9,0.3383312256071011,0.07154054491277828,0
grid_lattice,high,1.3862943611198906,12,localized,0.0,0.0,2.4037033579794548e-17,1
grid_lattice,high,1.3862943611198906,12,localized,0.1,0.06294493401967982,0.006282604870266508,1
grid_lattice,high,1.3862943611198906,12,localized,0.2,0.12588986803935964,0.012635049748853449,0
grid_lattice,high,1.3862943611198906,12,localized,0.3,0.18883480205903946,0.021234602139782538,0
grid_lattice,high,1.3862943611198906,12,localized,0.4,0.2517797360787193,0.0338547632194263,0
grid_lattice,high,1.3862943611198906,12,localized,0.5,0.3147246700983991,0.05199784606582637,0
grid_lattice,high,1.3862943611198906,12,localized,0.6,0.3776696041180789,0.07247015370490661,0
grid_lattice,high,1.3862943611198906,12,localized,0.7,0.4406145381377587,0.09375812786220546,0
grid_lattice,high,1.3862943611198906,12,localized,0.8,0.5035594721574386,0.1154112909646366,0
grid_lattice,high,1.3862943611198906,12,localized,0.9,0.5665044061771184,0.13725691896479325,0
grid_lattice,high,1.3862943611198906,13,regional,0.0,0.0,2.4037033579794548e-17,1
grid_lattice,high,1.3862943611198906,13,regional,0.1,0.03841137288068247,0.0041588584147752,1
grid_lattice,high,1.3862943611198906,13,regional,0.2,0.07682274576136494,0.008317716829550412,1
grid_lattice,high,1.3862943611198906,13,regional,0.3,0.11523411864204741,0.012476575244325628,0
grid_lattice,high,1.3862943611198906,13,regional,0.4,0.15364549152272988,0.016979872430960167,0
grid_lattice,high,1.3862943611198906,13,regional,0.5,0.19205686440341235,0.02437334832613683,0
grid_lattice,high,1.3862943611198906,13,regional,0.6,0.23046823728409482,0.035426542014047095,0
grid_lattice,high,1.3862943611198906,13,regional,0.7,0.2688796101647773,0.04779359933499369,0
grid_lattice,high,1.3862943611198906,13,regional,0.8,0.30729098304545976,0.060681750035405865,0
grid_lattice,high,1.3862943611198906,13,regional,0.9,0.34570235592614224,0.07381856019301487,0
grid_lattice,high,1.3862943611198906,14,multifocal,0.0,0.0,2.4037033579794548e-17,1
grid_lattice,high,1.3862943611198906,14,multifocal,0.1,0.03247338781018237,0.00577251687922177,1
grid_lattice,high,1.3862943611198906,14,multifocal,0.2,0.06494677562036474,0.01158701891437251,0
grid_lattice,high,1.3862943611198906,14,multifocal,0.3,0.0974201634305471,0.019396738317506223,0
grid_lattice,high,1.3862943611198906,14,multifocal,0.4,0.1298935512407295,0.028372957600086048,0
grid_lattice,high,1.3862943611198906,14,multifocal,0.5,0.16236693905091185,0.03769128286722839,0
grid_lattice,high,1.3862943611198906,14,multifocal,0.6,0.1948403268610942,0.047320688047859744,0
grid_lattice,high,1.3862943611198906,14,multifocal,0.7,0.22731371467127656,0.05743071643970877,0
grid_lattice,high,1.3862943611198906,14,multifocal,0.8,0.259787102481459,0.06792842696841504,0
grid_lattice,high,1.3862943611198906,14,multifocal,0.9,0.2922604902916413,0.07868522954274573,0
grid_lattice,high,1.3862943611198906,15,localized,0.0,0.0,2.4037033579794548e-17,1
grid_lattice,high,1.3862943611198906,15,localized,0.1,0.04060253307999148,0.00355404007913464,1
grid_lattice,high,1.3862943611198906,15,localized,0.2,0.08120506615998296,0.007583569840823444,1
grid_lattice,high,1.3862943611198906,15,localized,0.3,0.12180759923997442,0.016462512204931275,0
grid_lattice,high,1.3862943611198906,15,localized,0.4,0.16241013231996593,0.029273080029023082,0
grid_lattice,high,1.3862943611198906,15,localized,0.5,0.20301266539995738,0.04298133354860695,0
grid_lattice,high,1.3862943611198906,15,localized,0.6,0.24361519847994884,0.056942600623703134,0
grid_lattice,high,1.3862943611198906,15,localized,0.7,0.2842177315599403,0.07100779824010493,0
grid_lattice,high,1.3862943611198906,15,localized,0.8,0.32482026463993185,0.08512542492679423,0
grid_lattice,high,1.3862943611198906,15,localized,0.9,0.3654227977199233,0.09927435557430067,0
grid_lattice,high,1.3862943611198906,16,regional,0.0,0.0,2.4037033579794548e-17,1
grid_lattice,high,1.3862943611198906,16,regional,0.1,0.02547232399552385,0.002275417084779133,1
grid_lattice,high,1.3862943611198906,16,regional,0.2,0.0509446479910477,0.004550834169558269,1
grid_lattice,high,1.3862943611198906,16,regional,0.3,0.07641697198657155,0.006826251254337406,1
grid_lattice,high,1.3862943611198906,16,regional,0.4,0.1018892959820954,0.009303629012356115,1
grid_lattice,high,1.3862943611198906,16,regional,0.5,0.12736161997761924,0.012916573805007008,0
grid_lattice,high,1.3862943611198906,16,regional,0.6,0.1528339439731431,0.019585548390009776,0
grid_lattice,high,1.3862943611198906,16,regional,0.7,0.17830626796866694,0.027515378086809292,0
grid_lattice,high,1.3862943611198906,16,regional,0.8,0.2037785919641908,0.03587958828398319,0
grid_lattice,high,1.3862943611198906,16,regional,0.9,0.22925091595971464,0.04443354789167362,0
grid_lattice,high,1.3862943611198906,17,multifocal,0.0,0.0,2.4037033579794548e-17,1
grid_lattice,high,1.3862943611198906,17,multifocal,0.1,0.019354423283767755,0.002757648744315788,1
grid_lattice,high,1.3862943611198906,17,multifocal,0.2,0.03870884656753551,0.00551529748863157,1
grid_lattice,high,1.3862943611198906,17,multifocal,0.3,0.058063269851303265,0.008272946232947371,1
grid_lattice,high,1.3862943611198906,17,multifocal,0.4,0.07741769313507102,0.011127140345784232,0
grid_lattice,high,1.3862943611198906,17,multifocal,0.5,0.09677211641883877,0.014490168839260959,0
grid_lattice,high,1.3862943611198906,17,multifocal,0.6,0.11612653970260653,0.018144913390484928,0
grid_lattice,high,1.3862943611198906,17,multifocal,0.7,0.13548096298637427,0.021991551559715817,0
grid_lattice,high,1.3862943611198906,17,multifocal,0.8,0.15483538627014204,0.026712517062914127,0
grid_lattice,high,1.3862943611198906,17,multifocal,0.9,0.1741898095539098,0.0321702090215481,0
grid_lattice,high,1.3862943611198906,18,localized,0.0,0.0,2.4037033579794548e-17,1
grid_lattice,high,1.3862943611198906,18,localized,0.1,0.04313318311791699,0.0035459423811126083,1
grid_lattice,high,1.3862943611198906,18,localized,0.2,0.08626636623583397,0.009712578023675509,1
grid_lattice,high,1.3862943611198906,18,localized,0.3,0.12939954935375095,0.018559531341678724,0
grid_lattice,high,1.3862943611198906,18,localized,0.4,0.17253273247166795,0.02942757517489544,0
grid_lattice,high,1.3862943611198906,18,localized,0.5,0.21566591558958492,0.04272605999425931,0
grid_lattice,high,1.3862943611198906,18,localized,0.6,0.2587990987075019,0.05680026412923987,0
grid_lattice,high,1.3862943611198906,18,localized,0.7,0.30193228182541887,0.07129423809962399,0
grid_lattice,high,1.3862943611198906,18,localized,0.8,0.3450654649433359,0.08603300903099352,0
grid_lattice,high,1.3862943611198906,18,localized,0.9,0.38819864806125287,0.10090936911563181,0
grid_lattice,high,1.3862943611198906,19,regional,0.0,0.0,2.4037033579794548e-17,1
grid_lattice,high,1.3862943611198906,19,regional,0.1,0.0374215047581553,0.004372871301230476,1
grid_lattice,high,1.3862943611198906,19,regional,0.2,0.0748430095163106,0.008745742602460957,1
grid_lattice,high,1.3862943611198906,19,regional,0.3,0.11226451427446588,0.013118613903691435,0
grid_lattice,high,1.3862943611198906,19,regional,0.4,0.1496860190326212,0.017546106101338468,0
grid_lattice,high,1.3862943611198906,19,regional,0.5,0.18710752379077647,0.024228187608858472,0
grid_lattice,high,1.3862943611198906,19,regional,0.6,0.22452902854893175,0.034495823239208905,0
grid_lattice,high,1.3862943611198906,19,regional,0.7,0.26195053330708706,0.046288467857165144,0
grid_lattice,high,1.3862943611198906,19,regional,0.8,0.2993720380652424,0.05869731635064789,0
grid_lattice,high,1.3862943611198906,19,regional,0.9,0.33679354282339763,0.07140181994573683,0
